,Finished,Q2 Technology_1,Q2 Technology_2,Q2 Technology_3,Q2 Technology_4,Q2 Technology_5,Q2 Technology_6,Q3 Voluntairness_1,Q3 Voluntairness_2,Q3 Voluntairness_3,Q4 Incentives_1,Q4 Incentives_2,Q4 Incentives_3,Q4 Incentives_4,Q5 Transparency_1,Q5 Transparency_2,Q5 Transparency_3,Q5 Transparency_4,Q5 Transparency_5,Q6 Self Efficacy_1,Q6 Self Efficacy_2,Q6 Self Efficacy_3,Q6 Self Efficacy_4,Q6 Self Efficacy_5,Q7 Security_1,Q7 Security_2,Q7 Security_3,Q7 Security_4,Q8 Turst_1,Q8 Turst_2,Q8 Turst_3,Q9 Incentives_trust_1,Q9 Incentives_trust_2,Q9 Incentives_trust_3,Q9 Incentives_trust_4,Q10 Performance_1,Q10 Performance_2,Q10 Performance_3,Q10 Performance_4,Q10 Performance_5,Q11 Effort_1,Q11 Effort_2,Q11 Effort_3,Q12 Social_1,Q12 Social_2,Q12 Facilitating_1,Q12 Facilitating_2,Q12 Facilitating_3,Q13 Behaviour intent_1,Q13 Behaviour intent_2,Q13 Behaviour intent_3,Q20 income,Age,Gender,Education,Occupation,Income,Nationality,Blockchain_Knowledge
0,1.0,4.0,4.0,4.0,2.0,2.0,1.0,3.0,4.0,4.0,5.0,5.0,4.0,5.0,5.0,5.0,4.0,5.0,5.0,3.0,1.0,5.0,4.0,4.0,4.0,4.0,5.0,3.0,5.0,4.0,4.0,2.0,2.0,4.0,3.0,5.0,5.0,3.0,5.0,4.0,4.0,5.0,5.0,3.0,4.0,3.0,4.0,5.0,5.0,4.0,2.0,1.0,4.0,2.0,2.0,4.0,1.0,6,7
1,1.0,3.0,4.0,4.0,1.0,5.0,1.0,3.0,1.0,3.0,4.0,4.0,4.0,4.0,3.0,4.0,3.0,4.0,3.0,3.0,3.0,3.0,3.0,3.0,4.0,4.0,3.0,3.0,3.0,4.0,4.0,2.0,3.0,3.0,3.0,3.0,3.0,3.0,3.0,3.0,4.0,4.0,3.0,3.0,3.0,4.0,4.0,5.0,4.0,2.0,3.0,5.0,4.0,1.0,3.0,4.0,5.0,6,"3,4,10"
2,1.0,4.0,4.0,5.0,4.0,2.0,1.0,5.0,5.0,5.0,4.0,5.0,5.0,4.0,4.0,4.0,4.0,5.0,3.0,4.0,4.0,4.0,3.0,3.0,3.0,4.0,4.0,4.0,3.0,3.0,4.0,3.0,4.0,3.0,3.0,4.0,5.0,3.0,3.0,5.0,4.0,4.0,3.0,3.0,4.0,2.0,4.0,4.0,4.0,4.0,5.0,1.0,4.0,1.0,2.0,4.0,1.0,6,"1,3,7,10"
3,1.0,2.0,3.0,5.0,4.0,4.0,1.0,4.0,4.0,4.0,5.0,5.0,4.0,4.0,5.0,5.0,4.0,4.0,2.0,4.0,4.0,4.0,4.0,4.0,4.0,4.0,4.0,4.0,4.0,4.0,4.0,3.0,3.0,4.0,3.0,4.0,4.0,4.0,4.0,4.0,4.0,4.0,4.0,2.0,4.0,3.0,4.0,2.0,4.0,4.0,5.0,1.0,4.0,2.0,3.0,4.0,1.0,4,"1,3,4,8"
4,1.0,4.0,3.0,5.0,4.0,4.0,3.0,5.0,4.0,4.0,5.0,5.0,1.0,5.0,5.0,5.0,5.0,5.0,4.0,4.0,4.0,5.0,5.0,4.0,4.0,4.0,5.0,5.0,4.0,3.0,4.0,4.0,2.0,4.0,2.0,5.0,5.0,5.0,5.0,5.0,5.0,5.0,4.0,3.0,4.0,3.0,4.0,3.0,5.0,5.0,4.0,5.0,4.0,2.0,3.0,4.0,5.0,6,2
5,1.0,5.0,4.0,4.0,2.0,2.0,1.0,5.0,5.0,5.0,4.0,4.0,5.0,5.0,2.0,4.0,2.0,4.0,2.0,4.0,4.0,2.0,4.0,5.0,3.0,4.0,4.0,4.0,2.0,3.0,3.0,2.0,3.0,4.0,2.0,5.0,5.0,5.0,4.0,5.0,5.0,4.0,4.0,4.0,5.0,3.0,2.0,4.0,5.0,4.0,4.0,1.0,4.0,1.0,2.0,4.0,1.0,6,"1,3,8"
6,1.0,2.0,1.0,3.0,1.0,1.0,4.0,4.0,3.0,4.0,4.0,4.0,4.0,5.0,4.0,5.0,5.0,5.0,2.0,4.0,3.0,4.0,4.0,4.0,4.0,4.0,4.0,4.0,4.0,4.0,4.0,3.0,3.0,4.0,3.0,4.0,4.0,4.0,4.0,4.0,4.0,3.0,4.0,3.0,4.0,4.0,3.0,4.0,4.0,2.0,4.0,3.0,4.0,2.0,3.0,2.0,3.0,6,2
7,1.0,4.0,5.0,4.0,3.0,4.0,1.0,4.0,2.0,4.0,5.0,5.0,4.0,4.0,3.0,4.0,4.0,3.0,2.0,4.0,4.0,4.0,4.0,4.0,4.0,4.0,4.0,5.0,2.0,4.0,4.0,2.0,3.0,4.0,2.0,4.0,3.0,4.0,4.0,5.0,4.0,2.0,2.0,3.0,4.0,2.0,2.0,1.0,4.0,4.0,5.0,1.0,4.0,1.0,2.0,4.0,1.0,6,"1,3,7,8"
8,1.0,2.0,2.0,4.0,2.0,2.0,4.0,4.0,2.0,4.0,5.0,5.0,5.0,5.0,5.0,5.0,4.0,5.0,4.0,3.0,4.0,5.0,4.0,4.0,4.0,4.0,4.0,3.0,3.0,3.0,3.0,4.0,3.0,2.0,1.0,3.0,3.0,4.0,3.0,3.0,4.0,4.0,3.0,3.0,4.0,3.0,4.0,4.0,4.0,3.0,4.0,2.0,4.0,1.0,2.0,4.0,2.0,6,"1,3,7"
9,1.0,4.0,5.0,4.0,2.0,5.0,1.0,4.0,1.0,4.0,5.0,5.0,3.0,3.0,3.0,5.0,4.0,4.0,1.0,5.0,4.0,3.0,5.0,5.0,2.0,4.0,3.0,3.0,4.0,4.0,5.0,2.0,4.0,5.0,1.0,3.0,5.0,5.0,5.0,4.0,5.0,4.0,5.0,3.0,3.0,5.0,5.0,5.0,5.0,3.0,5.0,2.0,4.0,1.0,2.0,2.0,2.0,6,"1,3,4,7,8"
10,1.0,5.0,4.0,4.0,2.0,5.0,1.0,4.0,4.0,5.0,4.0,4.0,3.0,5.0,4.0,4.0,5.0,5.0,5.0,4.0,4.0,4.0,5.0,5.0,5.0,4.0,4.0,5.0,4.0,4.0,5.0,1.0,3.0,3.0,1.0,5.0,5.0,5.0,5.0,5.0,4.0,4.0,4.0,2.0,5.0,5.0,5.0,5.0,5.0,5.0,5.0,2.0,4.0,1.0,2.0,2.0,2.0,6,"3,4,7,10"
11,1.0,3.0,4.0,5.0,4.0,4.0,3.0,2.0,3.0,3.0,2.0,2.0,2.0,2.0,1.0,1.0,1.0,1.0,2.0,2.0,1.0,2.0,2.0,2.0,4.0,4.0,4.0,4.0,4.0,4.0,4.0,3.0,3.0,3.0,3.0,4.0,4.0,4.0,4.0,4.0,5.0,5.0,5.0,3.0,4.0,4.0,4.0,5.0,4.0,4.0,4.0,5.0,4.0,2.0,2.0,4.0,5.0,"6,9","1,3"
12,1.0,3.0,4.0,5.0,2.0,3.0,2.0,5.0,4.0,5.0,5.0,4.0,2.0,5.0,4.0,4.0,3.0,4.0,2.0,3.0,4.0,4.0,4.0,4.0,4.0,4.0,4.0,4.0,2.0,3.0,4.0,3.0,2.0,4.0,4.0,4.0,4.0,4.0,5.0,5.0,4.0,5.0,5.0,4.0,4.0,4.0,4.0,4.0,4.0,4.0,4.0,1.0,4.0,2.0,2.0,4.0,1.0,6,7
13,1.0,2.0,3.0,5.0,4.0,3.0,2.0,5.0,4.0,5.0,5.0,5.0,3.0,5.0,4.0,4.0,3.0,4.0,2.0,4.0,4.0,3.0,5.0,4.0,4.0,4.0,4.0,4.0,5.0,4.0,5.0,3.0,3.0,5.0,3.0,5.0,5.0,5.0,5.0,5.0,2.0,2.0,2.0,2.0,3.0,1.0,2.0,2.0,5.0,5.0,5.0,1.0,4.0,1.0,2.0,4.0,1.0,6,"1,3,8"
14,1.0,1.0,2.0,5.0,4.0,4.0,4.0,4.0,4.0,4.0,5.0,5.0,3.0,5.0,3.0,4.0,1.0,5.0,3.0,4.0,4.0,5.0,5.0,4.0,2.0,2.0,4.0,3.0,5.0,2.0,4.0,3.0,3.0,5.0,1.0,4.0,5.0,5.0,5.0,5.0,5.0,4.0,4.0,5.0,4.0,2.0,5.0,4.0,4.0,3.0,3.0,1.0,4.0,1.0,3.0,4.0,1.0,4,7
15,1.0,3.0,4.0,4.0,1.0,1.0,3.0,2.0,4.0,3.0,4.0,3.0,5.0,4.0,3.0,5.0,3.0,4.0,3.0,4.0,4.0,5.0,2.0,2.0,3.0,3.0,2.0,5.0,4.0,4.0,4.0,3.0,3.0,4.0,3.0,2.0,4.0,4.0,4.0,5.0,2.0,4.0,3.0,3.0,3.0,5.0,4.0,4.0,4.0,5.0,3.0,2.0,4.0,1.0,2.0,1.0,2.0,6,11
16,1.0,2.0,3.0,5.0,2.0,1.0,2.0,4.0,2.0,4.0,4.0,4.0,2.0,4.0,4.0,5.0,5.0,5.0,4.0,4.0,4.0,5.0,4.0,4.0,2.0,2.0,5.0,2.0,2.0,3.0,3.0,4.0,2.0,4.0,2.0,4.0,4.0,4.0,4.0,4.0,2.0,3.0,3.0,2.0,4.0,2.0,2.0,2.0,2.0,4.0,2.0,2.0,4.0,2.0,3.0,4.0,2.0,6,3
17,1.0,2.0,3.0,5.0,5.0,1.0,3.0,4.0,1.0,4.0,5.0,5.0,3.0,4.0,5.0,5.0,5.0,5.0,4.0,4.0,5.0,4.0,3.0,5.0,3.0,3.0,5.0,4.0,3.0,3.0,3.0,5.0,1.0,5.0,1.0,4.0,2.0,4.0,2.0,3.0,2.0,2.0,3.0,3.0,3.0,2.0,2.0,2.0,3.0,3.0,3.0,5.0,4.0,1.0,3.0,4.0,5.0,9,"1,3"
18,1.0,1.0,2.0,5.0,1.0,4.0,3.0,4.0,2.0,2.0,5.0,4.0,4.0,5.0,5.0,5.0,5.0,5.0,5.0,1.0,1.0,4.0,1.0,1.0,1.0,1.0,3.0,1.0,1.0,1.0,1.0,2.0,2.0,1.0,1.0,2.0,2.0,1.0,1.0,1.0,1.0,1.0,1.0,1.0,1.0,1.0,1.0,1.0,1.0,1.0,1.0,3.0,4.0,2.0,2.0,4.0,3.0,"2,7",3
19,1.0,2.0,3.0,5.0,3.0,2.0,3.0,5.0,2.0,4.0,5.0,5.0,3.0,4.0,4.0,4.0,4.0,4.0,4.0,4.0,4.0,5.0,4.0,4.0,4.0,4.0,4.0,4.0,4.0,4.0,4.0,4.0,2.0,3.0,2.0,4.0,4.0,4.0,4.0,4.0,4.0,4.0,3.0,3.0,4.0,2.0,3.0,2.0,4.0,4.0,3.0,1.0,4.0,2.0,2.0,4.0,1.0,6,"1,4,7"
20,1.0,3.0,2.0,1.0,5.0,2.0,1.0,5.0,4.0,5.0,5.0,5.0,3.0,5.0,2.0,4.0,4.0,4.0,4.0,5.0,4.0,5.0,5.0,5.0,4.0,5.0,5.0,5.0,4.0,4.0,4.0,4.0,2.0,3.0,3.0,5.0,4.0,4.0,4.0,5.0,4.0,3.0,3.0,4.0,5.0,4.0,5.0,2.0,4.0,5.0,5.0,1.0,4.0,2.0,2.0,4.0,1.0,6,"3,4,7"
21,1.0,1.0,4.0,5.0,1.0,2.0,5.0,4.0,2.0,4.0,5.0,5.0,3.0,5.0,5.0,5.0,5.0,5.0,5.0,5.0,5.0,5.0,5.0,5.0,5.0,4.0,5.0,4.0,4.0,4.0,4.0,5.0,1.0,5.0,1.0,5.0,5.0,5.0,5.0,4.0,4.0,4.0,4.0,4.0,5.0,4.0,4.0,4.0,4.0,4.0,4.0,2.0,4.0,2.0,3.0,2.0,2.0,8,"2,7"
22,1.0,5.0,5.0,1.0,4.0,3.0,2.0,4.0,2.0,4.0,5.0,5.0,3.0,5.0,4.0,5.0,5.0,5.0,3.0,3.0,3.0,3.0,3.0,3.0,3.0,5.0,5.0,4.0,4.0,5.0,5.0,3.0,3.0,3.0,3.0,3.0,3.0,3.0,3.0,3.0,4.0,3.0,2.0,3.0,3.0,5.0,3.0,5.0,1.0,4.0,3.0,2.0,4.0,1.0,2.0,4.0,2.0,8,7
23,1.0,2.0,2.0,4.0,1.0,3.0,4.0,5.0,3.0,4.0,5.0,5.0,2.0,4.0,4.0,4.0,4.0,5.0,4.0,4.0,4.0,5.0,4.0,4.0,3.0,3.0,4.0,4.0,4.0,4.0,4.0,4.0,2.0,2.0,2.0,3.0,3.0,4.0,3.0,4.0,2.0,3.0,3.0,2.0,2.0,1.0,1.0,3.0,3.0,3.0,3.0,1.0,4.0,2.0,3.0,4.0,1.0,4,"1,4"
24,1.0,5.0,5.0,5.0,4.0,5.0,1.0,4.0,4.0,2.0,4.0,5.0,1.0,3.0,3.0,4.0,4.0,4.0,2.0,1.0,2.0,3.0,1.0,1.0,1.0,1.0,4.0,1.0,2.0,1.0,1.0,3.0,3.0,4.0,1.0,1.0,1.0,1.0,1.0,1.0,4.0,4.0,2.0,3.0,2.0,5.0,5.0,2.0,1.0,1.0,1.0,5.0,4.0,4.0,3.0,4.0,5.0,9,"3,4,11"
25,1.0,4.0,5.0,5.0,2.0,4.0,1.0,4.0,2.0,4.0,5.0,5.0,2.0,5.0,4.0,4.0,2.0,4.0,3.0,4.0,4.0,4.0,3.0,4.0,5.0,4.0,3.0,4.0,3.0,5.0,4.0,5.0,2.0,3.0,2.0,3.0,4.0,3.0,2.0,3.0,4.0,3.0,2.0,4.0,3.0,4.0,4.0,3.0,4.0,2.0,2.0,1.0,4.0,1.0,3.0,3.0,1.0,6,"1,3,4,8,10"
26,1.0,3.0,4.0,5.0,4.0,2.0,2.0,5.0,1.0,5.0,5.0,5.0,3.0,5.0,3.0,3.0,2.0,4.0,3.0,4.0,5.0,5.0,4.0,4.0,4.0,5.0,4.0,4.0,3.0,3.0,3.0,5.0,1.0,5.0,1.0,5.0,5.0,5.0,5.0,5.0,4.0,4.0,4.0,3.0,5.0,3.0,4.0,3.0,5.0,4.0,5.0,2.0,4.0,2.0,3.0,2.0,2.0,6,"3,7,8"
27,1.0,4.0,5.0,5.0,5.0,5.0,1.0,3.0,2.0,4.0,5.0,5.0,5.0,5.0,5.0,5.0,5.0,5.0,4.0,4.0,4.0,4.0,5.0,5.0,5.0,4.0,4.0,5.0,4.0,4.0,5.0,5.0,1.0,5.0,1.0,4.0,5.0,5.0,5.0,5.0,3.0,3.0,3.0,2.0,5.0,2.0,5.0,5.0,5.0,4.0,4.0,1.0,4.0,1.0,2.0,4.0,1.0,9,"2,3,4"
28,1.0,4.0,4.0,4.0,5.0,4.0,1.0,5.0,3.0,4.0,4.0,3.0,2.0,4.0,4.0,3.0,4.0,5.0,3.0,4.0,5.0,4.0,4.0,4.0,4.0,4.0,4.0,4.0,4.0,4.0,3.0,2.0,1.0,4.0,3.0,4.0,4.0,4.0,4.0,5.0,3.0,3.0,3.0,3.0,3.0,3.0,3.0,2.0,4.0,3.0,3.0,4.0,6.0,1.0,5.0,2.0,4.0,6,"1,7"
29,1.0,4.0,4.0,5.0,2.0,4.0,3.0,4.0,1.0,2.0,5.0,5.0,1.0,4.0,5.0,5.0,4.0,4.0,5.0,4.0,3.0,4.0,3.0,4.0,3.0,4.0,4.0,3.0,3.0,4.0,3.0,5.0,2.0,4.0,2.0,4.0,4.0,2.0,4.0,4.0,4.0,3.0,4.0,3.0,3.0,4.0,4.0,1.0,3.0,2.0,2.0,5.0,4.0,1.0,3.0,4.0,5.0,6,"1,3"
30,1.0,4.0,4.0,5.0,1.0,4.0,2.0,4.0,2.0,4.0,4.0,4.0,2.0,2.0,5.0,5.0,5.0,5.0,5.0,4.0,4.0,4.0,4.0,4.0,4.0,2.0,4.0,4.0,4.0,4.0,4.0,4.0,4.0,3.0,4.0,4.0,4.0,4.0,4.0,4.0,4.0,4.0,4.0,4.0,5.0,2.0,1.0,5.0,4.0,4.0,5.0,1.0,4.0,1.0,2.0,4.0,1.0,6,"1,3"
31,1.0,5.0,5.0,5.0,2.0,4.0,1.0,5.0,1.0,5.0,5.0,5.0,3.0,3.0,5.0,5.0,3.0,5.0,4.0,5.0,5.0,5.0,5.0,3.0,5.0,5.0,4.0,5.0,5.0,5.0,3.0,2.0,2.0,5.0,2.0,4.0,4.0,5.0,5.0,5.0,5.0,4.0,4.0,2.0,4.0,5.0,5.0,5.0,5.0,4.0,5.0,1.0,4.0,1.0,3.0,4.0,1.0,6,"2,3,7"
32,1.0,2.0,4.0,5.0,2.0,3.0,3.0,4.0,1.0,4.0,5.0,5.0,2.0,4.0,5.0,5.0,5.0,5.0,5.0,4.0,3.0,5.0,4.0,5.0,4.0,3.0,4.0,4.0,4.0,3.0,3.0,4.0,1.0,5.0,1.0,4.0,5.0,4.0,4.0,5.0,4.0,4.0,3.0,1.0,4.0,3.0,4.0,2.0,4.0,3.0,4.0,2.0,4.0,2.0,3.0,4.0,2.0,6,"1,2,7,10"
33,1.0,2.0,2.0,4.0,2.0,3.0,4.0,4.0,2.0,4.0,5.0,5.0,2.0,4.0,2.0,4.0,5.0,2.0,2.0,5.0,5.0,4.0,4.0,4.0,4.0,4.0,5.0,4.0,5.0,5.0,5.0,4.0,2.0,1.0,1.0,5.0,5.0,4.0,4.0,5.0,4.0,4.0,4.0,2.0,4.0,3.0,4.0,5.0,4.0,4.0,5.0,1.0,4.0,2.0,2.0,4.0,1.0,6,"1,3"
34,1.0,1.0,4.0,5.0,5.0,4.0,2.0,2.0,2.0,2.0,2.0,4.0,4.0,4.0,2.0,2.0,4.0,4.0,2.0,1.0,1.0,3.0,2.0,1.0,1.0,1.0,1.0,2.0,1.0,1.0,1.0,3.0,1.0,5.0,1.0,4.0,4.0,1.0,4.0,4.0,4.0,4.0,3.0,2.0,4.0,2.0,4.0,2.0,1.0,1.0,1.0,1.0,5.0,1.0,5.0,4.0,1.0,1,"1,3,7"
35,1.0,3.0,4.0,4.0,1.0,2.0,2.0,4.0,4.0,4.0,3.0,4.0,5.0,4.0,3.0,4.0,3.0,3.0,2.0,4.0,4.0,3.0,4.0,4.0,4.0,4.0,5.0,5.0,4.0,4.0,4.0,2.0,4.0,3.0,4.0,4.0,4.0,4.0,3.0,5.0,2.0,2.0,2.0,3.0,3.0,2.0,2.0,4.0,3.0,3.0,3.0,1.0,4.0,2.0,3.0,4.0,1.0,6,"2,3,7"
36,1.0,2.0,2.0,4.0,1.0,4.0,4.0,4.0,2.0,4.0,5.0,5.0,5.0,5.0,4.0,5.0,5.0,5.0,4.0,5.0,3.0,5.0,5.0,5.0,4.0,4.0,5.0,4.0,5.0,4.0,5.0,2.0,4.0,4.0,2.0,5.0,5.0,5.0,5.0,5.0,3.0,4.0,4.0,2.0,2.0,2.0,2.0,2.0,4.0,4.0,4.0,2.0,4.0,1.0,3.0,4.0,2.0,1,"1,3,4"
37,1.0,3.0,5.0,5.0,5.0,4.0,2.0,4.0,1.0,4.0,5.0,5.0,3.0,4.0,5.0,5.0,5.0,5.0,5.0,4.0,4.0,5.0,4.0,4.0,3.0,4.0,4.0,4.0,2.0,3.0,4.0,4.0,1.0,2.0,1.0,4.0,4.0,4.0,4.0,4.0,4.0,3.0,3.0,2.0,2.0,2.0,4.0,4.0,2.0,2.0,2.0,1.0,4.0,2.0,2.0,4.0,1.0,"3,9","3,7"
38,1.0,1.0,2.0,4.0,1.0,1.0,3.0,1.0,1.0,1.0,5.0,5.0,1.0,5.0,5.0,5.0,5.0,5.0,3.0,5.0,3.0,4.0,5.0,4.0,2.0,3.0,5.0,3.0,5.0,3.0,5.0,5.0,1.0,1.0,3.0,5.0,5.0,5.0,5.0,5.0,5.0,5.0,5.0,1.0,5.0,4.0,4.0,5.0,1.0,4.0,1.0,1.0,4.0,2.0,3.0,1.0,1.0,9,2
39,1.0,1.0,1.0,4.0,1.0,1.0,5.0,3.0,2.0,4.0,4.0,4.0,4.0,5.0,4.0,4.0,4.0,4.0,3.0,3.0,3.0,3.0,3.0,3.0,3.0,3.0,4.0,3.0,3.0,4.0,4.0,4.0,2.0,5.0,3.0,4.0,4.0,4.0,4.0,4.0,4.0,4.0,4.0,3.0,2.0,2.0,4.0,4.0,3.0,3.0,3.0,1.0,4.0,2.0,3.0,4.0,1.0,"1,7","1,3,8"
40,1.0,4.0,5.0,5.0,1.0,5.0,2.0,4.0,1.0,3.0,4.0,5.0,3.0,5.0,4.0,5.0,4.0,5.0,5.0,5.0,2.0,5.0,4.0,1.0,4.0,4.0,5.0,2.0,3.0,3.0,3.0,1.0,1.0,5.0,1.0,2.0,3.0,4.0,3.0,4.0,5.0,5.0,5.0,3.0,1.0,5.0,5.0,5.0,4.0,2.0,4.0,4.0,4.0,1.0,2.0,3.0,4.0,6,7
41,1.0,1.0,2.0,3.0,2.0,1.0,2.0,3.0,3.0,4.0,1.0,1.0,3.0,5.0,3.0,4.0,4.0,4.0,2.0,4.0,4.0,2.0,3.0,4.0,3.0,4.0,4.0,4.0,4.0,4.0,3.0,3.0,1.0,4.0,1.0,3.0,5.0,3.0,3.0,4.0,3.0,4.0,3.0,3.0,3.0,4.0,3.0,4.0,3.0,4.0,4.0,5.0,4.0,1.0,3.0,4.0,5.0,9,"2,7"
42,1.0,4.0,4.0,5.0,2.0,4.0,2.0,4.0,2.0,4.0,4.0,5.0,2.0,5.0,4.0,5.0,5.0,5.0,4.0,4.0,4.0,5.0,4.0,4.0,4.0,4.0,4.0,4.0,4.0,3.0,4.0,4.0,2.0,4.0,3.0,3.0,3.0,4.0,4.0,4.0,4.0,4.0,4.0,2.0,4.0,3.0,4.0,3.0,4.0,3.0,4.0,1.0,4.0,2.0,2.0,4.0,1.0,6,"1,2,3,4"
43,1.0,3.0,4.0,5.0,4.0,4.0,1.0,3.0,3.0,4.0,5.0,5.0,3.0,4.0,4.0,4.0,3.0,5.0,4.0,4.0,3.0,5.0,4.0,4.0,5.0,4.0,5.0,5.0,4.0,5.0,4.0,3.0,3.0,5.0,5.0,4.0,3.0,4.0,4.0,5.0,4.0,3.0,3.0,2.0,3.0,4.0,4.0,2.0,4.0,4.0,5.0,4.0,6.0,2.0,4.0,2.0,4.0,6,10
44,1.0,4.0,4.0,5.0,3.0,4.0,1.0,4.0,3.0,3.0,4.0,4.0,3.0,4.0,3.0,4.0,4.0,4.0,3.0,5.0,5.0,4.0,4.0,4.0,5.0,4.0,4.0,4.0,4.0,4.0,4.0,5.0,2.0,5.0,2.0,4.0,4.0,4.0,4.0,5.0,4.0,3.0,2.0,2.0,3.0,5.0,5.0,2.0,4.0,2.0,3.0,5.0,4.0,1.0,2.0,4.0,5.0,9,"1,2,3,4,7,8,10,11"
45,1.0,1.0,1.0,1.0,3.0,1.0,1.0,2.0,1.0,2.0,2.0,1.0,2.0,2.0,1.0,2.0,1.0,1.0,1.0,1.0,2.0,1.0,2.0,1.0,1.0,1.0,1.0,1.0,2.0,1.0,2.0,2.0,2.0,1.0,2.0,1.0,2.0,1.0,2.0,1.0,2.0,2.0,2.0,2.0,1.0,2.0,1.0,1.0,1.0,2.0,2.0,4.0,6.0,1.0,4.0,2.0,4.0,3,4
46,1.0,5.0,5.0,5.0,5.0,5.0,1.0,5.0,4.0,5.0,5.0,5.0,3.0,5.0,5.0,5.0,5.0,5.0,5.0,5.0,5.0,5.0,5.0,5.0,5.0,5.0,5.0,5.0,5.0,5.0,5.0,2.0,2.0,4.0,2.0,5.0,5.0,5.0,5.0,5.0,5.0,5.0,5.0,4.0,4.0,5.0,5.0,5.0,5.0,5.0,5.0,5.0,7.0,1.0,3.0,3.0,5.0,7,3
47,1.0,2.0,3.0,4.0,1.0,2.0,3.0,2.0,2.0,4.0,5.0,5.0,4.0,4.0,4.0,5.0,5.0,5.0,5.0,4.0,5.0,4.0,4.0,4.0,4.0,4.0,5.0,4.0,4.0,4.0,4.0,2.0,2.0,4.0,3.0,4.0,5.0,4.0,5.0,4.0,4.0,4.0,4.0,4.0,4.0,4.0,4.0,4.0,4.0,3.0,4.0,3.0,4.0,2.0,4.0,2.0,3.0,9,"1,3"
48,1.0,4.0,1.0,5.0,2.0,2.0,2.0,5.0,2.0,4.0,5.0,5.0,2.0,5.0,5.0,5.0,5.0,5.0,5.0,5.0,4.0,5.0,5.0,5.0,2.0,2.0,3.0,2.0,2.0,2.0,2.0,2.0,2.0,5.0,1.0,5.0,5.0,5.0,5.0,4.0,4.0,2.0,2.0,2.0,4.0,4.0,2.0,2.0,2.0,2.0,2.0,4.0,5.0,2.0,3.0,2.0,4.0,3,"1,3,8"
49,1.0,3.0,4.0,4.0,5.0,4.0,2.0,5.0,2.0,4.0,5.0,5.0,1.0,4.0,5.0,5.0,5.0,5.0,5.0,5.0,5.0,5.0,4.0,5.0,5.0,5.0,5.0,5.0,5.0,5.0,5.0,4.0,2.0,5.0,1.0,5.0,5.0,5.0,5.0,5.0,5.0,5.0,3.0,3.0,3.0,2.0,2.0,2.0,4.0,4.0,4.0,4.0,5.0,2.0,4.0,2.0,4.0,9,"2,7,10"
50,1.0,5.0,4.0,5.0,3.0,5.0,1.0,4.0,1.0,4.0,5.0,5.0,3.0,5.0,5.0,5.0,5.0,5.0,3.0,5.0,5.0,5.0,5.0,5.0,5.0,5.0,5.0,5.0,5.0,5.0,5.0,1.0,1.0,5.0,1.0,5.0,5.0,5.0,5.0,5.0,5.0,3.0,3.0,3.0,3.0,5.0,5.0,3.0,5.0,4.0,5.0,4.0,7.0,1.0,4.0,3.0,4.0,9,"2,3,4,7,8,10"
51,1.0,4.0,4.0,5.0,2.0,4.0,1.0,5.0,5.0,5.0,5.0,5.0,3.0,5.0,2.0,4.0,5.0,5.0,2.0,5.0,5.0,4.0,5.0,5.0,4.0,4.0,4.0,4.0,5.0,5.0,5.0,3.0,3.0,5.0,4.0,5.0,5.0,4.0,5.0,5.0,4.0,4.0,4.0,4.0,4.0,4.0,4.0,5.0,4.0,4.0,5.0,4.0,7.0,1.0,4.0,2.0,4.0,6,"3,4,7"
52,1.0,3.0,4.0,5.0,3.0,4.0,3.0,4.0,4.0,4.0,5.0,5.0,5.0,5.0,5.0,5.0,5.0,5.0,5.0,4.0,4.0,5.0,4.0,5.0,5.0,4.0,3.0,4.0,4.0,5.0,4.0,4.0,2.0,2.0,2.0,5.0,4.0,4.0,5.0,4.0,4.0,5.0,4.0,3.0,5.0,4.0,4.0,4.0,4.0,4.0,5.0,4.0,7.0,1.0,4.0,2.0,4.0,5,"2,10"
53,1.0,4.0,4.0,5.0,3.0,2.0,1.0,4.0,2.0,3.0,4.0,4.0,4.0,3.0,5.0,5.0,5.0,5.0,5.0,3.0,3.0,3.0,3.0,3.0,4.0,4.0,5.0,4.0,3.0,4.0,4.0,2.0,3.0,5.0,4.0,4.0,3.0,4.0,4.0,4.0,4.0,3.0,3.0,3.0,4.0,2.0,2.0,4.0,4.0,3.0,3.0,5.0,4.0,2.0,2.0,4.0,5.0,6,"2,10"
54,1.0,4.0,4.0,4.0,2.0,3.0,2.0,3.0,3.0,2.0,5.0,5.0,2.0,3.0,5.0,5.0,4.0,5.0,4.0,4.0,5.0,5.0,4.0,4.0,4.0,4.0,4.0,4.0,4.0,4.0,4.0,4.0,2.0,5.0,1.0,4.0,4.0,4.0,5.0,5.0,4.0,4.0,4.0,3.0,4.0,3.0,3.0,5.0,4.0,4.0,4.0,4.0,7.0,2.0,4.0,2.0,4.0,9,"2,4"
55,1.0,5.0,5.0,5.0,4.0,4.0,5.0,5.0,2.0,2.0,4.0,4.0,1.0,4.0,4.0,4.0,4.0,4.0,4.0,4.0,5.0,5.0,5.0,2.0,4.0,2.0,2.0,3.0,4.0,4.0,3.0,1.0,1.0,4.0,2.0,2.0,2.0,4.0,4.0,5.0,5.0,4.0,4.0,1.0,1.0,5.0,5.0,5.0,1.0,2.0,2.0,5.0,5.0,1.0,5.0,2.0,5.0,8,"1,2,3,4,7,8,10"
56,1.0,3.0,4.0,5.0,1.0,1.0,1.0,3.0,2.0,3.0,1.0,3.0,1.0,1.0,3.0,3.0,2.0,3.0,3.0,3.0,3.0,4.0,4.0,4.0,4.0,3.0,4.0,3.0,4.0,3.0,4.0,4.0,3.0,3.0,3.0,5.0,5.0,5.0,5.0,5.0,5.0,5.0,5.0,5.0,5.0,3.0,3.0,3.0,3.0,3.0,3.0,1.0,4.0,2.0,4.0,4.0,1.0,9,"1,2"
57,1.0,3.0,3.0,4.0,3.0,2.0,2.0,4.0,4.0,3.0,5.0,5.0,2.0,4.0,5.0,5.0,5.0,5.0,5.0,4.0,4.0,5.0,4.0,4.0,3.0,3.0,3.0,3.0,3.0,3.0,3.0,4.0,2.0,4.0,2.0,4.0,4.0,4.0,4.0,3.0,4.0,4.0,3.0,2.0,4.0,3.0,4.0,3.0,3.0,3.0,3.0,3.0,7.0,2.0,4.0,2.0,3.0,6,"7,8"
58,1.0,3.0,4.0,5.0,4.0,4.0,3.0,4.0,1.0,4.0,5.0,5.0,1.0,5.0,5.0,5.0,4.0,5.0,5.0,4.0,4.0,5.0,4.0,4.0,3.0,3.0,4.0,3.0,3.0,3.0,3.0,4.0,2.0,5.0,1.0,3.0,3.0,3.0,3.0,3.0,3.0,3.0,3.0,2.0,4.0,3.0,2.0,2.0,3.0,3.0,3.0,5.0,7.0,1.0,4.0,3.0,5.0,7,"1,2,3,4,10"
59,1.0,5.0,5.0,5.0,4.0,5.0,1.0,3.0,1.0,3.0,4.0,5.0,3.0,4.0,5.0,5.0,5.0,5.0,5.0,2.0,4.0,5.0,4.0,4.0,4.0,3.0,5.0,4.0,3.0,3.0,4.0,2.0,3.0,5.0,1.0,4.0,4.0,4.0,5.0,4.0,5.0,5.0,5.0,2.0,4.0,5.0,5.0,2.0,4.0,4.0,3.0,4.0,6.0,1.0,2.0,2.0,4.0,6,"3,4,10"
60,1.0,4.0,4.0,5.0,1.0,1.0,1.0,4.0,1.0,4.0,5.0,5.0,1.0,4.0,5.0,5.0,5.0,5.0,3.0,4.0,3.0,5.0,4.0,4.0,3.0,3.0,4.0,3.0,3.0,3.0,3.0,4.0,2.0,5.0,1.0,4.0,2.0,4.0,3.0,4.0,3.0,2.0,3.0,2.0,3.0,2.0,4.0,4.0,3.0,3.0,3.0,4.0,6.0,1.0,4.0,2.0,4.0,6,7
61,1.0,2.0,4.0,4.0,4.0,4.0,2.0,4.0,2.0,4.0,4.0,4.0,4.0,5.0,3.0,4.0,4.0,4.0,2.0,4.0,4.0,4.0,4.0,4.0,4.0,4.0,4.0,3.0,3.0,4.0,4.0,3.0,3.0,4.0,3.0,4.0,4.0,4.0,4.0,3.0,4.0,2.0,3.0,3.0,4.0,3.0,3.0,4.0,4.0,3.0,3.0,4.0,6.0,1.0,4.0,2.0,4.0,1,"3,4,7,11"
62,1.0,1.0,2.0,5.0,4.0,4.0,4.0,5.0,4.0,4.0,4.0,4.0,2.0,3.0,3.0,4.0,3.0,3.0,2.0,4.0,2.0,4.0,4.0,4.0,4.0,4.0,3.0,4.0,4.0,4.0,4.0,1.0,1.0,5.0,2.0,3.0,3.0,3.0,4.0,5.0,4.0,3.0,3.0,3.0,4.0,4.0,4.0,4.0,4.0,4.0,3.0,4.0,6.0,1.0,4.0,2.0,4.0,9,"7,10"
63,1.0,3.0,4.0,5.0,1.0,2.0,2.0,4.0,2.0,4.0,5.0,5.0,1.0,5.0,3.0,4.0,5.0,5.0,2.0,4.0,4.0,4.0,4.0,4.0,3.0,4.0,4.0,4.0,3.0,4.0,5.0,3.0,3.0,5.0,2.0,5.0,5.0,5.0,5.0,4.0,4.0,3.0,3.0,2.0,3.0,2.0,2.0,3.0,4.0,4.0,3.0,4.0,6.0,1.0,2.0,1.0,4.0,6,"3,7,8"
64,1.0,4.0,5.0,5.0,5.0,3.0,2.0,3.0,2.0,4.0,5.0,5.0,3.0,5.0,5.0,5.0,4.0,4.0,3.0,4.0,4.0,4.0,3.0,4.0,3.0,3.0,4.0,3.0,4.0,3.0,4.0,4.0,2.0,3.0,1.0,4.0,4.0,4.0,4.0,4.0,4.0,3.0,3.0,2.0,3.0,4.0,4.0,2.0,4.0,4.0,3.0,2.0,4.0,1.0,2.0,4.0,2.0,9,"3,4"
65,1.0,3.0,2.0,4.0,1.0,4.0,3.0,4.0,1.0,3.0,5.0,5.0,3.0,5.0,5.0,5.0,5.0,5.0,5.0,5.0,5.0,5.0,5.0,5.0,5.0,5.0,5.0,5.0,5.0,5.0,5.0,1.0,1.0,5.0,1.0,5.0,5.0,5.0,5.0,5.0,4.0,4.0,3.0,2.0,3.0,4.0,4.0,2.0,5.0,3.0,3.0,3.0,5.0,2.0,4.0,2.0,3.0,9,"2,3,4,7"
66,1.0,3.0,4.0,2.0,1.0,2.0,4.0,4.0,1.0,3.0,4.0,5.0,1.0,2.0,5.0,5.0,5.0,5.0,5.0,3.0,4.0,5.0,2.0,2.0,3.0,2.0,4.0,3.0,3.0,2.0,2.0,4.0,2.0,1.0,2.0,3.0,3.0,2.0,4.0,3.0,3.0,3.0,3.0,3.0,4.0,2.0,4.0,4.0,4.0,3.0,3.0,4.0,7.0,1.0,2.0,3.0,4.0,6,"2,3,4,8"
67,1.0,4.0,4.0,5.0,4.0,4.0,1.0,5.0,5.0,5.0,5.0,5.0,1.0,5.0,5.0,5.0,5.0,5.0,5.0,4.0,5.0,5.0,5.0,4.0,5.0,5.0,5.0,5.0,5.0,5.0,5.0,5.0,1.0,5.0,1.0,5.0,4.0,5.0,4.0,5.0,5.0,5.0,5.0,5.0,5.0,4.0,4.0,4.0,4.0,4.0,4.0,1.0,4.0,1.0,3.0,3.0,1.0,6,"1,3,4,8"
68,1.0,4.0,4.0,5.0,3.0,3.0,1.0,3.0,3.0,4.0,3.0,3.0,4.0,4.0,5.0,5.0,5.0,5.0,4.0,4.0,3.0,4.0,4.0,4.0,4.0,4.0,3.0,4.0,4.0,3.0,4.0,4.0,3.0,4.0,4.0,3.0,3.0,4.0,4.0,4.0,3.0,3.0,4.0,3.0,3.0,3.0,3.0,3.0,3.0,3.0,4.0,4.0,5.0,1.0,4.0,2.0,4.0,6,8
69,1.0,4.0,4.0,4.0,3.0,3.0,1.0,5.0,4.0,5.0,5.0,5.0,5.0,5.0,4.0,4.0,5.0,5.0,2.0,5.0,4.0,5.0,5.0,3.0,5.0,5.0,3.0,4.0,4.0,4.0,3.0,1.0,1.0,5.0,5.0,3.0,3.0,4.0,3.0,4.0,5.0,4.0,5.0,3.0,3.0,4.0,4.0,2.0,4.0,3.0,3.0,4.0,8.0,1.0,4.0,5.0,4.0,6,"2,3"
70,1.0,3.0,4.0,5.0,1.0,2.0,1.0,3.0,1.0,2.0,5.0,5.0,1.0,4.0,5.0,5.0,5.0,5.0,5.0,3.0,3.0,3.0,3.0,3.0,3.0,3.0,3.0,3.0,3.0,3.0,3.0,3.0,3.0,3.0,3.0,3.0,3.0,3.0,3.0,3.0,3.0,3.0,3.0,3.0,3.0,3.0,3.0,3.0,3.0,3.0,3.0,3.0,5.0,2.0,4.0,2.0,3.0,6,"3,8"
71,1.0,4.0,4.0,5.0,2.0,5.0,2.0,5.0,2.0,4.0,4.0,4.0,3.0,4.0,4.0,3.0,3.0,3.0,2.0,4.0,5.0,4.0,5.0,5.0,5.0,5.0,5.0,5.0,4.0,5.0,5.0,2.0,1.0,5.0,1.0,4.0,4.0,5.0,5.0,5.0,5.0,4.0,4.0,3.0,4.0,3.0,4.0,2.0,4.0,4.0,5.0,3.0,5.0,2.0,4.0,2.0,3.0,7,4
72,1.0,4.0,4.0,5.0,4.0,5.0,1.0,3.0,1.0,2.0,5.0,5.0,5.0,4.0,4.0,4.0,5.0,5.0,5.0,3.0,4.0,4.0,4.0,4.0,5.0,5.0,5.0,4.0,3.0,4.0,2.0,3.0,3.0,3.0,3.0,4.0,3.0,3.0,4.0,4.0,3.0,3.0,3.0,3.0,3.0,4.0,2.0,4.0,4.0,4.0,4.0,3.0,5.0,2.0,4.0,2.0,3.0,6,"1,2,3,10"
73,1.0,3.0,4.0,4.0,2.0,4.0,1.0,5.0,4.0,5.0,5.0,5.0,4.0,4.0,4.0,4.0,3.0,5.0,3.0,3.0,3.0,4.0,3.0,3.0,4.0,3.0,4.0,3.0,4.0,4.0,4.0,3.0,3.0,4.0,1.0,4.0,1.0,3.0,1.0,2.0,4.0,4.0,4.0,1.0,1.0,3.0,4.0,2.0,2.0,1.0,1.0,4.0,7.0,1.0,3.0,3.0,4.0,7,"1,2,3"
74,1.0,4.0,5.0,5.0,4.0,3.0,1.0,5.0,4.0,4.0,5.0,5.0,3.0,5.0,5.0,5.0,5.0,5.0,4.0,5.0,5.0,5.0,5.0,4.0,4.0,4.0,3.0,4.0,3.0,4.0,4.0,3.0,3.0,5.0,2.0,4.0,5.0,4.0,5.0,4.0,4.0,3.0,3.0,2.0,3.0,2.0,2.0,1.0,4.0,3.0,5.0,4.0,7.0,1.0,4.0,2.0,4.0,6,"2,10"
75,1.0,2.0,3.0,5.0,1.0,1.0,4.0,4.0,3.0,3.0,5.0,5.0,2.0,4.0,5.0,5.0,5.0,4.0,3.0,4.0,4.0,5.0,4.0,4.0,3.0,3.0,4.0,4.0,3.0,3.0,3.0,4.0,1.0,5.0,3.0,4.0,4.0,4.0,4.0,4.0,3.0,3.0,2.0,4.0,4.0,5.0,5.0,4.0,3.0,3.0,4.0,4.0,7.0,1.0,5.0,2.0,4.0,6,"2,3"
76,1.0,4.0,4.0,5.0,4.0,4.0,1.0,5.0,3.0,4.0,4.0,4.0,2.0,4.0,4.0,4.0,4.0,4.0,4.0,4.0,4.0,4.0,4.0,4.0,3.0,3.0,4.0,4.0,4.0,4.0,4.0,3.0,2.0,2.0,4.0,4.0,4.0,4.0,4.0,4.0,4.0,3.0,3.0,3.0,4.0,3.0,4.0,4.0,4.0,4.0,3.0,4.0,7.0,2.0,3.0,3.0,4.0,6,3
77,1.0,2.0,2.0,4.0,1.0,1.0,4.0,3.0,2.0,3.0,4.0,4.0,3.0,3.0,5.0,5.0,4.0,5.0,2.0,4.0,4.0,3.0,3.0,3.0,4.0,3.0,4.0,3.0,3.0,3.0,4.0,3.0,3.0,4.0,2.0,4.0,4.0,2.0,3.0,4.0,2.0,3.0,2.0,1.0,2.0,1.0,3.0,3.0,2.0,2.0,2.0,3.0,5.0,1.0,4.0,2.0,3.0,6,"3,7"
78,1.0,4.0,5.0,5.0,3.0,4.0,1.0,2.0,1.0,1.0,3.0,2.0,3.0,4.0,5.0,5.0,5.0,5.0,5.0,4.0,4.0,5.0,4.0,4.0,4.0,3.0,3.0,4.0,3.0,4.0,4.0,2.0,4.0,4.0,1.0,4.0,4.0,4.0,4.0,4.0,4.0,3.0,4.0,1.0,3.0,3.0,3.0,4.0,3.0,2.0,5.0,5.0,5.0,1.0,3.0,3.0,5.0,9,"2,4,10"
79,1.0,2.0,3.0,4.0,4.0,2.0,2.0,5.0,2.0,5.0,5.0,5.0,3.0,4.0,4.0,4.0,3.0,4.0,3.0,4.0,4.0,5.0,4.0,4.0,4.0,4.0,4.0,4.0,4.0,4.0,4.0,3.0,3.0,4.0,1.0,5.0,5.0,5.0,5.0,5.0,4.0,4.0,4.0,4.0,4.0,4.0,4.0,4.0,5.0,5.0,4.0,4.0,7.0,2.0,4.0,2.0,4.0,9,3
80,1.0,4.0,4.0,4.0,2.0,3.0,1.0,4.0,4.0,4.0,5.0,5.0,5.0,5.0,5.0,5.0,3.0,5.0,4.0,5.0,5.0,5.0,5.0,5.0,5.0,5.0,5.0,5.0,4.0,4.0,5.0,2.0,5.0,3.0,1.0,5.0,5.0,5.0,5.0,5.0,4.0,4.0,4.0,3.0,4.0,5.0,5.0,2.0,5.0,5.0,5.0,3.0,5.0,2.0,4.0,2.0,3.0,9,"1,4"
81,1.0,2.0,2.0,3.0,3.0,3.0,4.0,4.0,4.0,4.0,2.0,4.0,5.0,5.0,3.0,5.0,2.0,2.0,4.0,3.0,4.0,4.0,4.0,4.0,4.0,4.0,3.0,4.0,4.0,4.0,4.0,3.0,5.0,4.0,2.0,4.0,4.0,4.0,5.0,4.0,2.0,2.0,3.0,3.0,3.0,2.0,2.0,3.0,3.0,2.0,3.0,4.0,7.0,1.0,6.0,2.0,4.0,6,"4,10"
82,1.0,4.0,4.0,4.0,2.0,4.0,2.0,3.0,1.0,4.0,4.0,5.0,3.0,4.0,5.0,5.0,5.0,5.0,5.0,4.0,4.0,5.0,4.0,3.0,5.0,4.0,4.0,4.0,3.0,3.0,3.0,1.0,1.0,5.0,1.0,4.0,4.0,4.0,4.0,4.0,4.0,2.0,4.0,1.0,4.0,4.0,4.0,1.0,4.0,1.0,1.0,4.0,7.0,1.0,4.0,3.0,4.0,6,"2,3,4"
83,1.0,4.0,5.0,4.0,1.0,4.0,2.0,2.0,1.0,1.0,2.0,5.0,1.0,4.0,5.0,5.0,5.0,5.0,5.0,2.0,2.0,2.0,2.0,2.0,4.0,2.0,4.0,3.0,2.0,2.0,2.0,2.0,2.0,2.0,2.0,2.0,2.0,2.0,2.0,2.0,4.0,2.0,2.0,2.0,2.0,2.0,2.0,2.0,2.0,2.0,2.0,4.0,8.0,1.0,4.0,3.0,4.0,6,"2,7,8"
84,1.0,4.0,4.0,5.0,3.0,3.0,2.0,5.0,5.0,4.0,5.0,5.0,5.0,5.0,4.0,4.0,4.0,4.0,4.0,5.0,4.0,4.0,4.0,4.0,4.0,4.0,4.0,4.0,4.0,4.0,4.0,2.0,2.0,3.0,3.0,4.0,4.0,4.0,4.0,4.0,4.0,4.0,4.0,4.0,4.0,2.0,3.0,4.0,4.0,4.0,4.0,4.0,5.0,2.0,4.0,2.0,4.0,9,3
85,1.0,5.0,5.0,5.0,5.0,4.0,1.0,5.0,5.0,5.0,5.0,5.0,1.0,5.0,5.0,5.0,5.0,5.0,4.0,5.0,5.0,4.0,5.0,5.0,5.0,5.0,5.0,5.0,4.0,4.0,4.0,3.0,3.0,5.0,1.0,5.0,5.0,5.0,5.0,5.0,2.0,2.0,2.0,3.0,4.0,4.0,4.0,1.0,5.0,5.0,5.0,4.0,7.0,1.0,4.0,3.0,4.0,7,"1,2,3,8,10"
86,1.0,2.0,4.0,4.0,2.0,3.0,1.0,4.0,2.0,4.0,4.0,4.0,3.0,4.0,4.0,4.0,4.0,4.0,4.0,4.0,3.0,4.0,3.0,4.0,2.0,3.0,4.0,3.0,3.0,4.0,3.0,3.0,4.0,3.0,3.0,4.0,4.0,3.0,3.0,4.0,2.0,2.0,2.0,2.0,3.0,2.0,2.0,4.0,3.0,2.0,4.0,4.0,7.0,1.0,4.0,3.0,4.0,6,3
87,1.0,4.0,4.0,5.0,3.0,4.0,2.0,3.0,1.0,2.0,4.0,4.0,3.0,4.0,4.0,4.0,3.0,4.0,3.0,4.0,5.0,5.0,5.0,4.0,5.0,4.0,4.0,5.0,5.0,5.0,5.0,3.0,3.0,5.0,1.0,4.0,3.0,4.0,4.0,3.0,4.0,3.0,3.0,3.0,3.0,4.0,3.0,3.0,4.0,3.0,4.0,4.0,7.0,1.0,4.0,3.0,4.0,"7,9","2,4,10"
88,1.0,4.0,5.0,5.0,3.0,5.0,1.0,4.0,2.0,3.0,4.0,5.0,5.0,4.0,5.0,5.0,5.0,5.0,5.0,4.0,5.0,4.0,5.0,5.0,5.0,5.0,3.0,5.0,1.0,1.0,4.0,3.0,3.0,3.0,3.0,3.0,3.0,4.0,4.0,3.0,4.0,3.0,2.0,2.0,2.0,5.0,5.0,4.0,2.0,2.0,1.0,1.0,4.0,1.0,4.0,4.0,1.0,9,"1,2,3,4,7,8,10,11"
89,1.0,4.0,4.0,5.0,1.0,3.0,1.0,5.0,1.0,1.0,5.0,5.0,4.0,4.0,5.0,5.0,5.0,5.0,5.0,4.0,4.0,5.0,4.0,4.0,5.0,4.0,4.0,4.0,3.0,5.0,5.0,3.0,3.0,4.0,3.0,4.0,4.0,4.0,4.0,5.0,3.0,4.0,3.0,1.0,4.0,3.0,1.0,3.0,5.0,5.0,5.0,3.0,5.0,1.0,3.0,2.0,3.0,9,7
90,1.0,2.0,4.0,5.0,2.0,4.0,1.0,4.0,1.0,2.0,4.0,4.0,1.0,4.0,5.0,5.0,5.0,5.0,5.0,4.0,4.0,4.0,4.0,4.0,4.0,4.0,4.0,4.0,4.0,4.0,4.0,3.0,1.0,5.0,1.0,4.0,4.0,4.0,4.0,4.0,4.0,4.0,3.0,2.0,2.0,2.0,2.0,2.0,2.0,2.0,4.0,3.0,5.0,2.0,4.0,2.0,3.0,9,"1,2,3,4"
91,1.0,4.0,5.0,5.0,1.0,4.0,1.0,5.0,4.0,5.0,5.0,5.0,3.0,5.0,5.0,4.0,5.0,5.0,4.0,3.0,3.0,5.0,4.0,4.0,5.0,5.0,5.0,5.0,3.0,5.0,4.0,3.0,3.0,5.0,3.0,4.0,4.0,4.0,5.0,5.0,5.0,4.0,3.0,3.0,3.0,4.0,3.0,3.0,4.0,3.0,4.0,3.0,7.0,1.0,4.0,2.0,3.0,9,10
92,1.0,5.0,5.0,5.0,2.0,4.0,1.0,5.0,1.0,4.0,5.0,4.0,3.0,4.0,4.0,4.0,5.0,5.0,4.0,5.0,5.0,4.0,5.0,5.0,5.0,5.0,5.0,5.0,4.0,4.0,4.0,3.0,3.0,4.0,1.0,5.0,5.0,5.0,5.0,5.0,3.0,4.0,3.0,5.0,5.0,2.0,2.0,2.0,4.0,4.0,4.0,4.0,7.0,2.0,4.0,2.0,4.0,6,"1,2,3,7"
93,1.0,3.0,2.0,2.0,3.0,3.0,2.0,5.0,1.0,3.0,4.0,5.0,4.0,5.0,5.0,5.0,5.0,5.0,3.0,3.0,4.0,4.0,5.0,5.0,5.0,4.0,4.0,4.0,3.0,4.0,4.0,2.0,1.0,3.0,1.0,4.0,4.0,5.0,5.0,5.0,3.0,3.0,3.0,3.0,3.0,1.0,2.0,2.0,3.0,3.0,4.0,4.0,5.0,1.0,4.0,2.0,4.0,6,"2,4,10"
94,1.0,4.0,4.0,4.0,4.0,4.0,4.0,4.0,1.0,3.0,5.0,5.0,1.0,4.0,5.0,5.0,5.0,5.0,5.0,4.0,4.0,5.0,5.0,5.0,5.0,4.0,4.0,4.0,4.0,4.0,4.0,5.0,1.0,5.0,3.0,4.0,4.0,4.0,5.0,4.0,4.0,3.0,3.0,3.0,3.0,3.0,2.0,2.0,4.0,4.0,5.0,4.0,7.0,2.0,4.0,2.0,4.0,9,"2,10"
95,1.0,4.0,5.0,4.0,4.0,4.0,1.0,5.0,4.0,4.0,5.0,5.0,2.0,5.0,5.0,5.0,5.0,5.0,4.0,5.0,4.0,5.0,4.0,4.0,5.0,4.0,5.0,4.0,4.0,5.0,5.0,4.0,2.0,5.0,2.0,4.0,3.0,5.0,5.0,4.0,4.0,3.0,3.0,3.0,4.0,4.0,4.0,2.0,4.0,4.0,4.0,4.0,6.0,1.0,4.0,2.0,4.0,9,"2,10"
96,1.0,4.0,4.0,5.0,5.0,5.0,1.0,4.0,2.0,3.0,4.0,4.0,4.0,5.0,3.0,5.0,4.0,4.0,3.0,3.0,4.0,4.0,4.0,4.0,4.0,4.0,4.0,4.0,4.0,4.0,4.0,4.0,4.0,3.0,4.0,3.0,4.0,3.0,4.0,4.0,4.0,4.0,4.0,3.0,3.0,4.0,3.0,3.0,3.0,3.0,4.0,4.0,5.0,1.0,4.0,2.0,4.0,5,"3,4,10"
97,1.0,4.0,4.0,4.0,4.0,4.0,1.0,4.0,2.0,4.0,5.0,5.0,3.0,5.0,5.0,5.0,5.0,5.0,4.0,5.0,4.0,4.0,4.0,4.0,5.0,5.0,5.0,5.0,5.0,5.0,5.0,1.0,1.0,5.0,1.0,5.0,5.0,5.0,5.0,5.0,5.0,5.0,5.0,5.0,5.0,5.0,5.0,5.0,5.0,5.0,5.0,4.0,7.0,1.0,4.0,2.0,4.0,9,2
98,1.0,2.0,3.0,5.0,4.0,4.0,2.0,4.0,4.0,3.0,2.0,5.0,1.0,5.0,4.0,4.0,2.0,4.0,5.0,3.0,3.0,4.0,1.0,1.0,3.0,2.0,4.0,2.0,2.0,3.0,4.0,3.0,3.0,5.0,1.0,3.0,3.0,3.0,3.0,3.0,3.0,2.0,3.0,2.0,3.0,4.0,3.0,4.0,2.0,2.0,2.0,4.0,6.0,1.0,4.0,2.0,4.0,5,"2,3,4,10"
99,1.0,5.0,5.0,5.0,2.0,3.0,1.0,5.0,1.0,4.0,5.0,5.0,4.0,5.0,5.0,5.0,5.0,5.0,5.0,2.0,2.0,5.0,3.0,3.0,4.0,4.0,4.0,3.0,3.0,3.0,3.0,3.0,3.0,3.0,2.0,2.0,2.0,4.0,3.0,3.0,3.0,3.0,3.0,1.0,1.0,3.0,3.0,3.0,2.0,2.0,2.0,4.0,6.0,2.0,4.0,2.0,4.0,1,"3,11"
100,1.0,4.0,4.0,4.0,3.0,4.0,2.0,5.0,5.0,4.0,4.0,5.0,4.0,5.0,4.0,4.0,4.0,4.0,2.0,4.0,4.0,4.0,4.0,4.0,4.0,4.0,4.0,4.0,4.0,4.0,4.0,2.0,4.0,2.0,4.0,4.0,4.0,4.0,4.0,4.0,4.0,3.0,3.0,2.0,4.0,3.0,3.0,4.0,4.0,3.0,2.0,4.0,5.0,2.0,4.0,2.0,4.0,6,3
101,1.0,4.0,4.0,5.0,1.0,3.0,1.0,5.0,2.0,4.0,5.0,5.0,2.0,4.0,5.0,5.0,5.0,5.0,4.0,3.0,4.0,5.0,3.0,3.0,2.0,2.0,5.0,3.0,4.0,3.0,4.0,3.0,1.0,5.0,1.0,4.0,4.0,3.0,5.0,4.0,5.0,3.0,4.0,2.0,4.0,3.0,4.0,3.0,2.0,5.0,3.0,5.0,7.0,2.0,4.0,2.0,5.0,6,"2,3"
102,1.0,4.0,2.0,4.0,4.0,4.0,4.0,4.0,4.0,4.0,4.0,4.0,1.0,4.0,5.0,5.0,5.0,5.0,5.0,5.0,5.0,5.0,5.0,5.0,4.0,4.0,4.0,4.0,4.0,4.0,4.0,4.0,4.0,4.0,4.0,4.0,4.0,4.0,4.0,4.0,4.0,4.0,4.0,4.0,4.0,4.0,4.0,4.0,4.0,4.0,4.0,1.0,8.0,2.0,2.0,5.0,1.0,9,2
103,1.0,3.0,4.0,4.0,3.0,4.0,2.0,5.0,3.0,5.0,5.0,5.0,5.0,5.0,5.0,5.0,5.0,5.0,5.0,5.0,5.0,5.0,5.0,5.0,4.0,4.0,4.0,4.0,5.0,5.0,5.0,1.0,5.0,1.0,3.0,5.0,5.0,5.0,5.0,5.0,5.0,5.0,5.0,5.0,5.0,5.0,5.0,5.0,5.0,4.0,5.0,1.0,5.0,1.0,4.0,2.0,1.0,0,"1,2,3,4,7,8,10"
104,1.0,4.0,3.0,4.0,3.0,4.0,1.0,4.0,1.0,4.0,5.0,5.0,3.0,5.0,4.0,5.0,4.0,5.0,3.0,4.0,4.0,5.0,5.0,5.0,4.0,4.0,5.0,5.0,5.0,4.0,4.0,3.0,3.0,4.0,3.0,5.0,5.0,5.0,4.0,5.0,4.0,4.0,4.0,3.0,5.0,4.0,4.0,4.0,5.0,4.0,5.0,3.0,6.0,2.0,4.0,2.0,3.0,9,1
105,1.0,5.0,5.0,5.0,4.0,4.0,1.0,5.0,4.0,5.0,5.0,5.0,2.0,5.0,5.0,5.0,5.0,5.0,4.0,4.0,2.0,5.0,5.0,5.0,4.0,4.0,4.0,5.0,5.0,4.0,5.0,3.0,3.0,5.0,1.0,4.0,5.0,5.0,4.0,5.0,5.0,5.0,5.0,4.0,2.0,5.0,5.0,4.0,4.0,3.0,4.0,5.0,8.0,1.0,2.0,3.0,5.0,9,"2,3,4,7,8,10"
106,1.0,5.0,4.0,5.0,3.0,4.0,1.0,3.0,2.0,4.0,5.0,5.0,3.0,5.0,3.0,5.0,5.0,3.0,3.0,3.0,5.0,5.0,5.0,3.0,3.0,3.0,3.0,3.0,5.0,4.0,3.0,3.0,3.0,5.0,1.0,5.0,1.0,3.0,1.0,5.0,4.0,4.0,4.0,1.0,5.0,5.0,5.0,5.0,5.0,5.0,3.0,4.0,6.0,1.0,5.0,2.0,4.0,6,4
107,1.0,3.0,3.0,4.0,2.0,4.0,3.0,4.0,3.0,4.0,5.0,5.0,2.0,3.0,5.0,5.0,4.0,5.0,4.0,4.0,4.0,5.0,4.0,4.0,4.0,4.0,4.0,4.0,4.0,4.0,4.0,1.0,1.0,5.0,1.0,4.0,4.0,4.0,3.0,4.0,4.0,4.0,4.0,3.0,2.0,4.0,4.0,2.0,4.0,3.0,4.0,4.0,7.0,1.0,4.0,2.0,4.0,6,"3,7,10"
108,1.0,3.0,2.0,1.0,4.0,2.0,4.0,5.0,5.0,5.0,5.0,5.0,5.0,5.0,5.0,5.0,4.0,5.0,5.0,5.0,5.0,5.0,5.0,5.0,5.0,5.0,5.0,4.0,4.0,4.0,4.0,4.0,4.0,4.0,5.0,4.0,5.0,5.0,5.0,4.0,5.0,3.0,4.0,2.0,3.0,4.0,4.0,3.0,5.0,5.0,5.0,1.0,4.0,2.0,3.0,4.0,1.0,6,2
109,1.0,5.0,5.0,5.0,5.0,5.0,1.0,3.0,1.0,4.0,5.0,5.0,2.0,5.0,1.0,5.0,1.0,5.0,5.0,5.0,5.0,5.0,5.0,5.0,4.0,4.0,5.0,5.0,3.0,4.0,4.0,1.0,1.0,5.0,1.0,5.0,5.0,5.0,5.0,5.0,4.0,3.0,3.0,1.0,5.0,5.0,5.0,2.0,4.0,3.0,4.0,4.0,5.0,1.0,4.0,2.0,4.0,6,"1,2,3,4,7,8,10"
110,1.0,4.0,4.0,5.0,3.0,4.0,1.0,5.0,4.0,4.0,5.0,5.0,2.0,5.0,5.0,5.0,4.0,5.0,4.0,4.0,3.0,5.0,2.0,2.0,2.0,3.0,4.0,3.0,3.0,3.0,3.0,1.0,1.0,5.0,1.0,4.0,4.0,3.0,4.0,4.0,5.0,2.0,4.0,2.0,4.0,2.0,4.0,1.0,3.0,4.0,3.0,4.0,7.0,1.0,5.0,2.0,4.0,6,3
111,1.0,5.0,4.0,5.0,5.0,3.0,1.0,4.0,4.0,4.0,5.0,5.0,3.0,5.0,4.0,4.0,4.0,4.0,4.0,4.0,4.0,5.0,5.0,5.0,4.0,4.0,5.0,5.0,4.0,4.0,4.0,1.0,2.0,5.0,3.0,4.0,4.0,4.0,4.0,5.0,5.0,5.0,5.0,4.0,5.0,4.0,3.0,5.0,4.0,4.0,3.0,1.0,4.0,2.0,6.0,4.0,1.0,6,8
112,1.0,1.0,2.0,1.0,1.0,1.0,2.0,3.0,3.0,3.0,3.0,3.0,3.0,3.0,3.0,3.0,5.0,5.0,5.0,3.0,3.0,3.0,3.0,3.0,3.0,3.0,3.0,3.0,3.0,3.0,3.0,3.0,3.0,3.0,3.0,3.0,3.0,3.0,3.0,3.0,3.0,3.0,3.0,3.0,3.0,1.0,1.0,3.0,3.0,3.0,3.0,5.0,10.0,1.0,5.0,5.0,5.0,6,8
113,1.0,4.0,4.0,3.0,1.0,2.0,2.0,4.0,3.0,4.0,5.0,5.0,3.0,4.0,5.0,5.0,4.0,5.0,5.0,4.0,4.0,5.0,5.0,4.0,4.0,4.0,5.0,4.0,4.0,5.0,4.0,3.0,3.0,5.0,1.0,4.0,4.0,5.0,4.0,4.0,4.0,4.0,3.0,3.0,4.0,4.0,4.0,4.0,4.0,4.0,4.0,5.0,7.0,2.0,4.0,2.0,5.0,6,"2,3,4,7"
114,1.0,4.0,5.0,5.0,5.0,4.0,1.0,5.0,2.0,5.0,5.0,5.0,3.0,5.0,4.0,5.0,4.0,4.0,4.0,4.0,4.0,4.0,4.0,4.0,5.0,5.0,4.0,5.0,4.0,5.0,4.0,3.0,3.0,4.0,2.0,4.0,4.0,4.0,4.0,5.0,4.0,4.0,3.0,3.0,3.0,4.0,4.0,3.0,4.0,3.0,3.0,4.0,5.0,1.0,4.0,2.0,4.0,7,"1,3,4,7"
115,1.0,3.0,3.0,4.0,3.0,4.0,2.0,4.0,4.0,4.0,4.0,3.0,2.0,4.0,4.0,5.0,3.0,5.0,5.0,3.0,3.0,4.0,3.0,3.0,3.0,3.0,3.0,2.0,3.0,3.0,3.0,2.0,2.0,5.0,2.0,3.0,4.0,4.0,4.0,3.0,4.0,3.0,3.0,2.0,2.0,3.0,3.0,3.0,4.0,3.0,3.0,4.0,7.0,2.0,4.0,2.0,4.0,6,1
116,1.0,1.0,3.0,5.0,1.0,1.0,1.0,3.0,2.0,2.0,4.0,5.0,2.0,4.0,4.0,5.0,5.0,4.0,2.0,5.0,4.0,4.0,4.0,4.0,4.0,4.0,4.0,4.0,4.0,4.0,4.0,3.0,3.0,4.0,2.0,4.0,4.0,4.0,4.0,4.0,3.0,3.0,3.0,4.0,4.0,4.0,4.0,4.0,3.0,2.0,2.0,4.0,7.0,2.0,4.0,2.0,4.0,6,3
117,1.0,4.0,4.0,5.0,5.0,3.0,1.0,5.0,4.0,5.0,5.0,5.0,5.0,5.0,4.0,4.0,4.0,5.0,3.0,4.0,4.0,5.0,5.0,5.0,4.0,4.0,5.0,5.0,4.0,5.0,4.0,4.0,2.0,4.0,2.0,4.0,4.0,4.0,4.0,4.0,4.0,4.0,4.0,4.0,5.0,3.0,4.0,5.0,4.0,4.0,5.0,4.0,7.0,1.0,5.0,3.0,4.0,6,7
118,1.0,3.0,4.0,5.0,2.0,2.0,1.0,4.0,1.0,4.0,5.0,5.0,2.0,5.0,2.0,4.0,1.0,4.0,2.0,2.0,4.0,3.0,2.0,3.0,4.0,4.0,4.0,4.0,3.0,4.0,4.0,5.0,1.0,3.0,1.0,4.0,4.0,2.0,4.0,2.0,4.0,4.0,4.0,2.0,4.0,2.0,3.0,2.0,4.0,4.0,3.0,2.0,4.0,1.0,3.0,4.0,2.0,6,"2,4,7,10"
119,1.0,5.0,4.0,5.0,1.0,4.0,1.0,4.0,2.0,2.0,4.0,4.0,4.0,4.0,4.0,4.0,4.0,4.0,4.0,3.0,2.0,4.0,3.0,3.0,4.0,2.0,4.0,2.0,4.0,2.0,2.0,4.0,2.0,3.0,4.0,2.0,2.0,2.0,2.0,2.0,4.0,2.0,3.0,2.0,4.0,4.0,4.0,2.0,2.0,2.0,2.0,2.0,4.0,1.0,4.0,2.0,2.0,4,"3,8"
120,1.0,5.0,5.0,5.0,5.0,5.0,1.0,5.0,1.0,5.0,3.0,4.0,4.0,4.0,4.0,3.0,2.0,4.0,1.0,4.0,4.0,3.0,4.0,4.0,4.0,4.0,3.0,4.0,4.0,4.0,4.0,2.0,2.0,4.0,2.0,4.0,4.0,4.0,5.0,4.0,5.0,5.0,5.0,3.0,4.0,3.0,3.0,2.0,4.0,4.0,4.0,4.0,6.0,1.0,5.0,2.0,4.0,9,4
121,1.0,2.0,2.0,2.0,1.0,1.0,4.0,2.0,2.0,2.0,1.0,1.0,1.0,2.0,2.0,5.0,4.0,5.0,2.0,4.0,4.0,4.0,4.0,4.0,2.0,3.0,4.0,4.0,4.0,4.0,4.0,4.0,4.0,2.0,2.0,4.0,4.0,4.0,4.0,4.0,3.0,3.0,3.0,3.0,5.0,2.0,4.0,4.0,4.0,4.0,4.0,2.0,6.0,2.0,5.0,2.0,2.0,6,7
122,1.0,4.0,4.0,5.0,4.0,4.0,2.0,5.0,3.0,4.0,4.0,5.0,3.0,3.0,3.0,4.0,4.0,4.0,4.0,4.0,4.0,5.0,4.0,4.0,4.0,5.0,5.0,5.0,4.0,4.0,3.0,3.0,3.0,4.0,3.0,3.0,4.0,4.0,4.0,4.0,5.0,4.0,4.0,3.0,4.0,4.0,4.0,4.0,4.0,3.0,5.0,1.0,4.0,2.0,4.0,4.0,1.0,6,"2,3"
123,1.0,4.0,4.0,4.0,3.0,3.0,2.0,4.0,3.0,3.0,5.0,5.0,3.0,5.0,5.0,5.0,5.0,5.0,5.0,4.0,3.0,5.0,4.0,4.0,3.0,4.0,5.0,4.0,4.0,4.0,4.0,4.0,1.0,5.0,1.0,4.0,4.0,4.0,4.0,4.0,4.0,3.0,3.0,4.0,4.0,3.0,3.0,4.0,4.0,4.0,3.0,4.0,8.0,1.0,5.0,5.0,4.0,6,"1,2,7,10"
124,1.0,4.0,5.0,5.0,2.0,3.0,1.0,3.0,1.0,2.0,5.0,5.0,3.0,5.0,3.0,5.0,5.0,5.0,3.0,4.0,4.0,4.0,3.0,3.0,3.0,1.0,4.0,3.0,2.0,2.0,2.0,3.0,3.0,4.0,1.0,3.0,3.0,3.0,3.0,3.0,4.0,3.0,3.0,2.0,4.0,4.0,4.0,2.0,2.0,2.0,2.0,3.0,4.0,1.0,4.0,2.0,3.0,9,"1,2,3,4"
125,1.0,2.0,4.0,5.0,2.0,4.0,2.0,5.0,1.0,4.0,4.0,4.0,2.0,4.0,3.0,4.0,5.0,5.0,2.0,5.0,5.0,5.0,5.0,5.0,5.0,5.0,5.0,5.0,5.0,5.0,5.0,3.0,3.0,5.0,1.0,5.0,5.0,5.0,5.0,5.0,5.0,5.0,5.0,4.0,4.0,4.0,4.0,4.0,4.0,4.0,4.0,2.0,4.0,1.0,3.0,2.0,2.0,6,"3,4,7"
126,1.0,3.0,3.0,5.0,2.0,4.0,2.0,4.0,2.0,4.0,5.0,5.0,3.0,5.0,5.0,4.0,5.0,5.0,5.0,4.0,2.0,4.0,4.0,5.0,4.0,4.0,4.0,4.0,4.0,4.0,4.0,4.0,1.0,5.0,1.0,5.0,5.0,5.0,5.0,4.0,4.0,4.0,5.0,4.0,5.0,3.0,4.0,5.0,4.0,3.0,3.0,1.0,4.0,2.0,2.0,4.0,1.0,6,"3,4,7"
127,1.0,3.0,2.0,5.0,4.0,3.0,1.0,5.0,1.0,4.0,5.0,5.0,2.0,5.0,5.0,5.0,5.0,5.0,3.0,4.0,4.0,5.0,5.0,5.0,4.0,3.0,4.0,4.0,4.0,4.0,4.0,4.0,2.0,5.0,5.0,3.0,3.0,5.0,5.0,3.0,4.0,5.0,4.0,3.0,3.0,3.0,4.0,4.0,5.0,4.0,4.0,2.0,7.0,2.0,3.0,2.0,2.0,6,"1,3"
128,1.0,4.0,4.0,2.0,3.0,4.0,1.0,4.0,2.0,4.0,4.0,4.0,2.0,2.0,2.0,4.0,2.0,4.0,4.0,4.0,3.0,3.0,5.0,4.0,4.0,3.0,2.0,4.0,4.0,3.0,4.0,2.0,2.0,2.0,4.0,4.0,5.0,3.0,5.0,4.0,4.0,2.0,4.0,3.0,4.0,2.0,3.0,4.0,5.0,4.0,4.0,1.0,4.0,1.0,2.0,4.0,1.0,6,"2,3,7"
129,1.0,3.0,4.0,4.0,1.0,3.0,1.0,2.0,1.0,3.0,5.0,5.0,3.0,3.0,5.0,5.0,5.0,5.0,5.0,4.0,4.0,5.0,5.0,4.0,3.0,3.0,3.0,3.0,4.0,3.0,3.0,3.0,3.0,3.0,3.0,3.0,3.0,3.0,3.0,3.0,4.0,4.0,3.0,4.0,3.0,3.0,3.0,2.0,2.0,3.0,2.0,3.0,4.0,1.0,5.0,4.0,3.0,9,"1,2,3,4,8"
130,1.0,5.0,4.0,5.0,4.0,4.0,1.0,3.0,1.0,3.0,5.0,5.0,4.0,4.0,5.0,5.0,5.0,5.0,5.0,2.0,1.0,4.0,3.0,2.0,3.0,3.0,3.0,2.0,3.0,2.0,2.0,3.0,3.0,5.0,3.0,3.0,3.0,3.0,3.0,4.0,3.0,3.0,3.0,3.0,4.0,3.0,1.0,2.0,3.0,3.0,3.0,3.0,6.0,2.0,4.0,2.0,3.0,3,"1,2,3,4,7,8,10"
131,1.0,3.0,2.0,1.0,1.0,1.0,2.0,4.0,4.0,4.0,4.0,3.0,1.0,4.0,2.0,3.0,4.0,2.0,1.0,4.0,4.0,5.0,4.0,4.0,3.0,3.0,3.0,3.0,3.0,3.0,3.0,5.0,1.0,5.0,1.0,4.0,4.0,3.0,4.0,4.0,3.0,3.0,3.0,4.0,4.0,3.0,2.0,4.0,4.0,4.0,4.0,3.0,10.0,1.0,3.0,5.0,3.0,6,7
132,1.0,2.0,2.0,4.0,1.0,1.0,2.0,4.0,4.0,4.0,3.0,4.0,3.0,4.0,2.0,2.0,4.0,4.0,2.0,4.0,4.0,3.0,4.0,4.0,3.0,3.0,2.0,2.0,4.0,4.0,4.0,4.0,2.0,2.0,2.0,4.0,3.0,4.0,4.0,4.0,3.0,4.0,4.0,3.0,3.0,4.0,4.0,4.0,3.0,3.0,3.0,4.0,8.0,1.0,5.0,2.0,4.0,4,3
133,1.0,4.0,4.0,4.0,3.0,4.0,1.0,4.0,1.0,4.0,4.0,5.0,3.0,5.0,4.0,5.0,5.0,5.0,3.0,4.0,5.0,5.0,5.0,5.0,4.0,4.0,4.0,4.0,3.0,4.0,4.0,3.0,3.0,4.0,1.0,4.0,4.0,4.0,4.0,5.0,4.0,3.0,3.0,3.0,3.0,4.0,4.0,4.0,3.0,3.0,4.0,4.0,7.0,1.0,5.0,2.0,4.0,6,"3,8"
134,1.0,4.0,5.0,5.0,1.0,1.0,4.0,4.0,2.0,4.0,5.0,5.0,1.0,5.0,5.0,5.0,5.0,5.0,5.0,4.0,4.0,4.0,4.0,4.0,3.0,3.0,4.0,3.0,1.0,3.0,3.0,4.0,4.0,3.0,3.0,3.0,4.0,4.0,4.0,3.0,4.0,4.0,3.0,3.0,3.0,2.0,3.0,2.0,3.0,3.0,3.0,1.0,4.0,2.0,3.0,4.0,1.0,6,11
135,1.0,2.0,4.0,1.0,4.0,1.0,5.0,5.0,2.0,4.0,5.0,5.0,3.0,4.0,5.0,5.0,5.0,5.0,4.0,4.0,5.0,5.0,5.0,4.0,3.0,4.0,4.0,4.0,2.0,3.0,4.0,5.0,5.0,5.0,4.0,5.0,5.0,4.0,4.0,4.0,4.0,4.0,4.0,3.0,2.0,2.0,4.0,4.0,4.0,4.0,2.0,4.0,7.0,1.0,4.0,2.0,4.0,6,3
136,1.0,4.0,5.0,5.0,5.0,3.0,1.0,5.0,3.0,4.0,5.0,5.0,1.0,5.0,5.0,4.0,5.0,4.0,4.0,4.0,5.0,5.0,4.0,4.0,5.0,5.0,5.0,5.0,4.0,5.0,4.0,4.0,2.0,5.0,2.0,5.0,4.0,4.0,5.0,5.0,4.0,3.0,3.0,2.0,4.0,4.0,3.0,4.0,5.0,4.0,3.0,4.0,7.0,1.0,4.0,2.0,4.0,6,"1,2,3,4,8,10"
137,1.0,3.0,3.0,4.0,3.0,3.0,2.0,4.0,3.0,4.0,4.0,4.0,4.0,5.0,4.0,3.0,3.0,4.0,4.0,4.0,3.0,4.0,4.0,4.0,4.0,4.0,4.0,4.0,4.0,4.0,4.0,3.0,3.0,3.0,4.0,3.0,3.0,4.0,4.0,4.0,3.0,3.0,3.0,3.0,4.0,3.0,3.0,4.0,4.0,4.0,4.0,4.0,7.0,1.0,2.0,3.0,4.0,6,3
138,1.0,2.0,3.0,4.0,1.0,2.0,3.0,2.0,1.0,2.0,1.0,1.0,1.0,1.0,5.0,5.0,5.0,5.0,5.0,2.0,2.0,5.0,3.0,2.0,3.0,3.0,2.0,3.0,3.0,3.0,3.0,3.0,3.0,3.0,3.0,3.0,4.0,3.0,3.0,1.0,1.0,1.0,1.0,1.0,2.0,3.0,1.0,2.0,1.0,1.0,1.0,4.0,9.0,1.0,4.0,3.0,4.0,6,7
139,1.0,2.0,3.0,4.0,4.0,4.0,2.0,4.0,2.0,4.0,5.0,5.0,2.0,4.0,5.0,5.0,5.0,5.0,5.0,4.0,4.0,5.0,2.0,4.0,4.0,4.0,4.0,3.0,3.0,4.0,4.0,3.0,3.0,4.0,2.0,4.0,5.0,4.0,4.0,4.0,4.0,4.0,4.0,2.0,2.0,4.0,4.0,4.0,2.0,2.0,2.0,1.0,4.0,2.0,3.0,4.0,1.0,6,"1,2,3,4,7,8,10"
140,1.0,1.0,2.0,4.0,4.0,4.0,4.0,5.0,2.0,4.0,5.0,5.0,4.0,5.0,5.0,5.0,5.0,5.0,5.0,5.0,5.0,4.0,5.0,5.0,4.0,4.0,4.0,5.0,5.0,5.0,5.0,4.0,2.0,5.0,1.0,5.0,5.0,5.0,5.0,5.0,4.0,4.0,4.0,3.0,4.0,3.0,3.0,3.0,4.0,4.0,4.0,2.0,6.0,2.0,4.0,2.0,2.0,4,"2,3,7"
141,1.0,4.0,5.0,5.0,4.0,3.0,1.0,5.0,2.0,4.0,4.0,4.0,3.0,5.0,4.0,5.0,3.0,5.0,4.0,4.0,3.0,4.0,4.0,4.0,5.0,5.0,4.0,5.0,5.0,5.0,5.0,2.0,2.0,5.0,1.0,4.0,4.0,5.0,5.0,5.0,4.0,4.0,4.0,4.0,4.0,3.0,3.0,1.0,5.0,4.0,5.0,2.0,6.0,1.0,5.0,2.0,2.0,0,"2,3,4,10"
142,1.0,5.0,4.0,5.0,4.0,5.0,1.0,5.0,1.0,2.0,5.0,5.0,1.0,5.0,5.0,5.0,5.0,5.0,5.0,5.0,5.0,5.0,5.0,5.0,3.0,3.0,4.0,4.0,3.0,3.0,3.0,1.0,3.0,5.0,1.0,5.0,5.0,5.0,5.0,5.0,4.0,3.0,2.0,3.0,2.0,4.0,4.0,1.0,4.0,4.0,5.0,3.0,5.0,1.0,4.0,3.0,3.0,4,"1,2,3,4,7,8,10"
143,1.0,3.0,4.0,4.0,3.0,4.0,1.0,5.0,4.0,4.0,4.0,5.0,1.0,2.0,5.0,5.0,5.0,5.0,5.0,5.0,5.0,5.0,5.0,5.0,4.0,4.0,4.0,4.0,4.0,4.0,4.0,1.0,1.0,5.0,1.0,5.0,5.0,4.0,5.0,5.0,4.0,4.0,3.0,3.0,4.0,5.0,5.0,4.0,5.0,3.0,5.0,4.0,7.0,1.0,4.0,3.0,4.0,6,"1,4,7"
144,1.0,4.0,5.0,5.0,3.0,4.0,2.0,5.0,5.0,5.0,5.0,5.0,3.0,5.0,5.0,5.0,3.0,5.0,3.0,5.0,5.0,3.0,5.0,5.0,4.0,5.0,5.0,5.0,5.0,5.0,5.0,5.0,1.0,5.0,1.0,5.0,5.0,5.0,5.0,5.0,5.0,5.0,5.0,4.0,5.0,4.0,5.0,5.0,5.0,5.0,5.0,3.0,8.0,1.0,4.0,5.0,3.0,6,"2,10"
145,1.0,4.0,4.0,4.0,4.0,4.0,2.0,4.0,1.0,4.0,5.0,5.0,1.0,3.0,5.0,5.0,5.0,5.0,5.0,2.0,2.0,5.0,2.0,5.0,3.0,2.0,3.0,2.0,3.0,2.0,3.0,5.0,1.0,4.0,1.0,3.0,3.0,3.0,5.0,2.0,3.0,4.0,2.0,2.0,4.0,5.0,5.0,2.0,2.0,2.0,1.0,4.0,6.0,1.0,4.0,2.0,4.0,6,10
146,1.0,2.0,2.0,5.0,2.0,4.0,4.0,5.0,2.0,4.0,4.0,4.0,5.0,4.0,4.0,4.0,2.0,4.0,4.0,4.0,2.0,4.0,4.0,4.0,4.0,4.0,4.0,4.0,3.0,4.0,4.0,2.0,3.0,4.0,1.0,4.0,4.0,4.0,4.0,4.0,4.0,4.0,4.0,3.0,4.0,4.0,3.0,5.0,4.0,4.0,4.0,1.0,4.0,2.0,2.0,4.0,1.0,6,2
147,1.0,3.0,4.0,2.0,1.0,1.0,4.0,4.0,1.0,4.0,5.0,5.0,1.0,5.0,4.0,5.0,5.0,5.0,5.0,3.0,4.0,5.0,3.0,3.0,3.0,3.0,5.0,4.0,4.0,4.0,3.0,3.0,4.0,4.0,3.0,4.0,4.0,4.0,3.0,4.0,3.0,4.0,3.0,3.0,4.0,2.0,4.0,4.0,4.0,4.0,4.0,5.0,9.0,2.0,6.0,5.0,5.0,6,"2,7,10"
148,1.0,3.0,2.0,2.0,1.0,1.0,2.0,4.0,2.0,4.0,4.0,4.0,2.0,4.0,5.0,5.0,4.0,5.0,4.0,3.0,5.0,4.0,4.0,4.0,3.0,3.0,4.0,3.0,3.0,3.0,3.0,3.0,3.0,4.0,2.0,4.0,4.0,3.0,4.0,4.0,3.0,3.0,3.0,3.0,4.0,2.0,2.0,4.0,4.0,3.0,4.0,5.0,7.0,2.0,4.0,2.0,5.0,6,"3,7,8"
149,1.0,3.0,4.0,5.0,1.0,4.0,2.0,5.0,4.0,5.0,5.0,5.0,4.0,5.0,5.0,5.0,4.0,5.0,5.0,4.0,4.0,4.0,5.0,5.0,4.0,4.0,4.0,4.0,4.0,5.0,5.0,3.0,4.0,3.0,4.0,4.0,5.0,4.0,4.0,4.0,4.0,3.0,3.0,4.0,4.0,4.0,5.0,2.0,4.0,4.0,4.0,4.0,4.0,1.0,4.0,2.0,4.0,6,1
150,1.0,5.0,5.0,5.0,4.0,4.0,1.0,4.0,2.0,5.0,5.0,5.0,4.0,5.0,3.0,4.0,4.0,4.0,1.0,2.0,1.0,4.0,1.0,1.0,1.0,1.0,4.0,1.0,1.0,1.0,1.0,3.0,3.0,5.0,1.0,1.0,1.0,4.0,1.0,1.0,5.0,1.0,5.0,3.0,3.0,5.0,5.0,1.0,1.0,1.0,1.0,3.0,5.0,1.0,4.0,2.0,3.0,5,11
151,0.0,4.0,4.0,5.0,2.0,4.0,2.0,4.0,4.0,4.0,3.0,4.0,5.0,4.0,4.0,4.0,4.0,4.0,3.0,4.0,3.0,5.0,1.0,2.0,4.0,4.0,4.0,4.0,3.0,4.0,4.0,4.0,4.0,1.0,3.0,3.0,4.0,2.0,4.0,4.0,5.0,4.0,4.0,3.0,4.0,2.0,4.0,4.0,4.0,3.0,3.0,3.0,4.0,1.0,3.0,2.0,3.0,6,3
152,0.0,3.0,2.0,4.0,1.0,3.0,1.0,4.0,4.0,2.0,5.0,5.0,5.0,5.0,5.0,5.0,3.0,5.0,4.0,3.0,4.0,5.0,3.0,4.0,3.0,3.0,4.0,4.0,3.0,3.0,3.0,3.0,3.0,5.0,3.0,5.0,5.0,3.0,5.0,3.0,4.0,4.0,4.0,2.0,4.0,2.0,2.0,4.0,3.0,3.0,3.0,4.0,6.0,2.0,4.0,2.0,4.0,6,1
153,1.0,3.0,3.0,3.0,2.0,1.0,3.0,4.0,2.0,3.0,4.0,5.0,3.0,4.0,3.0,4.0,4.0,4.0,4.0,3.0,2.0,3.0,2.0,2.0,2.0,3.0,3.0,3.0,2.0,2.0,3.0,4.0,2.0,4.0,4.0,3.0,4.0,3.0,3.0,4.0,1.0,2.0,2.0,3.0,3.0,2.0,2.0,3.0,3.0,2.0,3.0,3.0,10.0,1.0,5.0,5.0,3.0,6,"3,4,8"
154,1.0,1.0,2.0,5.0,4.0,1.0,4.0,4.0,3.0,4.0,4.0,5.0,2.0,3.0,4.0,5.0,4.0,5.0,3.0,3.0,3.0,3.0,3.0,2.0,2.0,1.0,3.0,3.0,3.0,3.0,2.0,4.0,2.0,3.0,1.0,1.0,2.0,3.0,2.0,1.0,2.0,1.0,1.0,1.0,3.0,2.0,2.0,2.0,1.0,1.0,1.0,1.0,4.0,2.0,3.0,4.0,1.0,4,1
155,1.0,2.0,4.0,5.0,2.0,1.0,2.0,4.0,1.0,3.0,5.0,5.0,5.0,5.0,4.0,4.0,4.0,4.0,4.0,4.0,4.0,4.0,4.0,4.0,4.0,4.0,4.0,4.0,4.0,4.0,4.0,2.0,3.0,5.0,1.0,5.0,5.0,5.0,5.0,5.0,4.0,4.0,4.0,1.0,4.0,3.0,4.0,4.0,4.0,3.0,4.0,1.0,4.0,2.0,3.0,2.0,1.0,6,"1,3,8"
156,1.0,4.0,4.0,4.0,3.0,3.0,2.0,4.0,3.0,4.0,4.0,4.0,3.0,4.0,4.0,4.0,5.0,4.0,4.0,2.0,2.0,4.0,3.0,4.0,4.0,4.0,4.0,4.0,2.0,2.0,3.0,3.0,2.0,4.0,2.0,3.0,3.0,3.0,3.0,4.0,4.0,3.0,3.0,3.0,4.0,2.0,2.0,4.0,3.0,3.0,3.0,5.0,9.0,1.0,5.0,5.0,5.0,6,"3,10"
157,0.0,3.0,4.0,5.0,4.0,2.0,2.0,3.0,1.0,3.0,5.0,5.0,5.0,3.0,2.0,5.0,2.0,5.0,2.0,4.0,4.0,5.0,2.0,4.0,4.0,4.0,3.0,4.0,4.0,4.0,4.0,2.0,2.0,4.0,1.0,4.0,4.0,4.0,4.0,5.0,3.0,4.0,3.0,2.0,3.0,2.0,4.0,4.0,4.0,4.0,4.0,2.0,7.0,2.0,4.0,3.0,2.0,3,3
158,1.0,2.0,3.0,4.0,2.0,4.0,2.0,5.0,4.0,4.0,5.0,5.0,5.0,5.0,4.0,4.0,4.0,4.0,4.0,4.0,3.0,3.0,3.0,3.0,3.0,3.0,4.0,4.0,3.0,3.0,5.0,3.0,3.0,5.0,1.0,4.0,3.0,4.0,4.0,5.0,5.0,4.0,3.0,1.0,2.0,3.0,4.0,5.0,5.0,4.0,3.0,2.0,5.0,1.0,3.0,2.0,2.0,4,"3,4,7,8"
159,1.0,2.0,2.0,3.0,1.0,1.0,4.0,4.0,2.0,4.0,4.0,5.0,4.0,5.0,2.0,4.0,2.0,2.0,2.0,4.0,3.0,5.0,4.0,4.0,4.0,4.0,4.0,3.0,4.0,4.0,4.0,5.0,1.0,2.0,1.0,4.0,4.0,4.0,4.0,4.0,3.0,3.0,3.0,4.0,3.0,3.0,3.0,4.0,3.0,3.0,3.0,3.0,7.0,2.0,2.0,2.0,3.0,4,7
160,1.0,2.0,3.0,5.0,2.0,2.0,4.0,5.0,4.0,5.0,5.0,5.0,5.0,4.0,4.0,4.0,5.0,4.0,2.0,4.0,3.0,5.0,3.0,4.0,3.0,4.0,5.0,1.0,4.0,3.0,3.0,5.0,1.0,1.0,4.0,4.0,4.0,4.0,5.0,4.0,4.0,3.0,3.0,5.0,4.0,3.0,3.0,4.0,4.0,4.0,3.0,4.0,4.0,1.0,3.0,2.0,4.0,6,"4,7"
161,1.0,5.0,5.0,5.0,3.0,4.0,1.0,5.0,2.0,4.0,5.0,5.0,4.0,5.0,5.0,5.0,5.0,5.0,5.0,1.0,1.0,5.0,1.0,1.0,1.0,1.0,4.0,1.0,1.0,1.0,1.0,3.0,2.0,4.0,2.0,1.0,1.0,1.0,1.0,1.0,4.0,2.0,1.0,1.0,1.0,4.0,4.0,1.0,1.0,1.0,1.0,3.0,4.0,1.0,4.0,2.0,3.0,6,"1,3,11"
162,1.0,4.0,5.0,5.0,2.0,4.0,1.0,4.0,2.0,3.0,4.0,4.0,3.0,5.0,3.0,4.0,4.0,4.0,3.0,4.0,4.0,2.0,4.0,4.0,4.0,4.0,4.0,4.0,4.0,4.0,4.0,4.0,2.0,5.0,1.0,4.0,4.0,4.0,4.0,4.0,5.0,4.0,3.0,2.0,2.0,2.0,2.0,1.0,4.0,3.0,3.0,2.0,4.0,1.0,2.0,4.0,2.0,6,3
163,1.0,5.0,5.0,5.0,4.0,5.0,1.0,5.0,1.0,5.0,5.0,5.0,1.0,3.0,3.0,3.0,4.0,5.0,2.0,4.0,3.0,4.0,4.0,4.0,4.0,4.0,4.0,4.0,4.0,4.0,4.0,1.0,1.0,5.0,1.0,4.0,3.0,4.0,4.0,4.0,4.0,4.0,3.0,2.0,2.0,4.0,2.0,2.0,4.0,4.0,4.0,4.0,5.0,1.0,5.0,2.0,4.0,2,7
164,1.0,4.0,4.0,5.0,3.0,4.0,1.0,4.0,1.0,4.0,4.0,4.0,1.0,4.0,4.0,4.0,2.0,4.0,4.0,4.0,4.0,4.0,4.0,4.0,5.0,4.0,4.0,4.0,3.0,4.0,3.0,4.0,1.0,1.0,1.0,3.0,3.0,4.0,3.0,4.0,4.0,3.0,3.0,3.0,3.0,4.0,4.0,3.0,4.0,3.0,4.0,3.0,6.0,1.0,5.0,2.0,3.0,4,4
165,1.0,4.0,4.0,2.0,4.0,4.0,4.0,5.0,5.0,5.0,3.0,5.0,5.0,5.0,5.0,5.0,5.0,5.0,5.0,5.0,5.0,5.0,5.0,5.0,5.0,5.0,5.0,5.0,5.0,5.0,5.0,5.0,5.0,5.0,5.0,5.0,5.0,5.0,5.0,5.0,5.0,5.0,5.0,5.0,5.0,4.0,4.0,4.0,5.0,5.0,5.0,1.0,9.0,1.0,3.0,5.0,1.0,9,7
166,1.0,4.0,5.0,5.0,4.0,4.0,1.0,5.0,3.0,4.0,5.0,5.0,4.0,5.0,5.0,5.0,4.0,5.0,4.0,4.0,3.0,4.0,5.0,5.0,4.0,4.0,4.0,5.0,4.0,4.0,4.0,2.0,3.0,5.0,3.0,4.0,3.0,4.0,3.0,5.0,5.0,4.0,4.0,3.0,3.0,5.0,5.0,2.0,4.0,4.0,5.0,3.0,6.0,2.0,5.0,2.0,3.0,4,"1,3,10"
167,1.0,3.0,4.0,4.0,5.0,2.0,2.0,5.0,2.0,4.0,4.0,5.0,4.0,5.0,5.0,5.0,5.0,5.0,3.0,4.0,4.0,2.0,5.0,3.0,5.0,5.0,3.0,4.0,5.0,5.0,2.0,4.0,2.0,2.0,1.0,4.0,4.0,4.0,4.0,4.0,3.0,2.0,3.0,3.0,3.0,2.0,2.0,2.0,2.0,2.0,2.0,3.0,4.0,2.0,3.0,2.0,3.0,9,"1,2,3"
168,1.0,3.0,4.0,5.0,2.0,3.0,1.0,3.0,1.0,3.0,4.0,4.0,2.0,3.0,5.0,5.0,5.0,5.0,5.0,3.0,2.0,4.0,4.0,4.0,4.0,3.0,3.0,4.0,2.0,3.0,3.0,4.0,2.0,5.0,1.0,4.0,5.0,2.0,4.0,4.0,3.0,3.0,3.0,2.0,4.0,4.0,4.0,4.0,4.0,1.0,4.0,1.0,4.0,1.0,3.0,2.0,1.0,6,"3,4,10"
169,1.0,4.0,4.0,5.0,3.0,5.0,2.0,5.0,4.0,4.0,4.0,4.0,4.0,5.0,5.0,4.0,4.0,4.0,3.0,5.0,3.0,4.0,3.0,4.0,5.0,5.0,4.0,5.0,5.0,5.0,5.0,2.0,4.0,3.0,3.0,5.0,5.0,5.0,5.0,5.0,5.0,5.0,5.0,5.0,4.0,5.0,5.0,3.0,4.0,4.0,4.0,2.0,4.0,2.0,3.0,4.0,2.0,9,"1,2,3,4,7,8,11"
170,1.0,3.0,4.0,4.0,2.0,4.0,2.0,4.0,1.0,3.0,4.0,4.0,2.0,3.0,5.0,5.0,5.0,5.0,5.0,4.0,3.0,4.0,4.0,4.0,4.0,3.0,4.0,3.0,3.0,3.0,3.0,4.0,2.0,3.0,1.0,3.0,4.0,4.0,4.0,4.0,4.0,4.0,4.0,4.0,3.0,4.0,4.0,1.0,4.0,3.0,3.0,1.0,4.0,2.0,3.0,4.0,1.0,4,"1,3,4,7"
171,1.0,2.0,3.0,5.0,4.0,2.0,3.0,4.0,2.0,4.0,5.0,5.0,3.0,5.0,5.0,5.0,5.0,5.0,4.0,5.0,4.0,5.0,5.0,5.0,3.0,4.0,4.0,3.0,4.0,3.0,4.0,3.0,2.0,2.0,4.0,4.0,5.0,4.0,4.0,4.0,4.0,4.0,3.0,2.0,3.0,2.0,4.0,4.0,4.0,5.0,5.0,3.0,4.0,2.0,3.0,2.0,3.0,6,"2,3,7"
172,1.0,4.0,4.0,5.0,3.0,2.0,1.0,5.0,2.0,4.0,4.0,4.0,4.0,3.0,4.0,5.0,5.0,5.0,4.0,5.0,4.0,4.0,4.0,4.0,4.0,3.0,4.0,4.0,4.0,4.0,5.0,5.0,5.0,4.0,4.0,4.0,4.0,3.0,4.0,5.0,3.0,3.0,4.0,3.0,4.0,2.0,2.0,4.0,4.0,4.0,4.0,3.0,4.0,1.0,4.0,2.0,3.0,9,"1,2"
173,1.0,2.0,2.0,2.0,1.0,1.0,2.0,4.0,1.0,4.0,4.0,4.0,2.0,4.0,4.0,4.0,4.0,4.0,4.0,4.0,4.0,4.0,4.0,4.0,4.0,4.0,4.0,4.0,4.0,4.0,4.0,3.0,2.0,4.0,2.0,4.0,4.0,4.0,4.0,4.0,4.0,3.0,3.0,3.0,3.0,3.0,3.0,3.0,3.0,3.0,2.0,4.0,10.0,1.0,2.0,5.0,4.0,6,3
174,1.0,4.0,2.0,4.0,4.0,1.0,1.0,4.0,1.0,4.0,5.0,5.0,1.0,4.0,4.0,4.0,4.0,4.0,5.0,4.0,3.0,4.0,5.0,4.0,4.0,4.0,4.0,4.0,4.0,4.0,4.0,3.0,3.0,3.0,3.0,3.0,4.0,4.0,4.0,4.0,3.0,3.0,3.0,3.0,3.0,3.0,3.0,4.0,4.0,3.0,4.0,5.0,7.0,2.0,6.0,3.0,5.0,6,11
175,1.0,3.0,3.0,5.0,5.0,4.0,2.0,5.0,1.0,4.0,5.0,5.0,3.0,4.0,5.0,5.0,4.0,5.0,2.0,3.0,4.0,4.0,3.0,4.0,5.0,5.0,4.0,5.0,3.0,4.0,3.0,3.0,3.0,5.0,2.0,5.0,1.0,2.0,2.0,5.0,4.0,4.0,4.0,3.0,4.0,3.0,3.0,2.0,5.0,4.0,4.0,4.0,6.0,1.0,4.0,2.0,4.0,4,"2,4,7,10"
176,1.0,4.0,4.0,4.0,5.0,3.0,2.0,4.0,1.0,2.0,4.0,4.0,3.0,4.0,5.0,5.0,5.0,5.0,4.0,4.0,4.0,4.0,4.0,4.0,4.0,4.0,4.0,4.0,4.0,4.0,4.0,4.0,2.0,4.0,1.0,4.0,4.0,4.0,4.0,4.0,3.0,3.0,3.0,2.0,3.0,2.0,3.0,2.0,2.0,2.0,4.0,5.0,5.0,1.0,4.0,2.0,5.0,9,"1,3,8"
177,1.0,2.0,4.0,5.0,1.0,4.0,1.0,5.0,2.0,4.0,4.0,4.0,3.0,4.0,4.0,5.0,4.0,5.0,4.0,4.0,2.0,5.0,5.0,4.0,4.0,4.0,4.0,4.0,4.0,4.0,4.0,4.0,2.0,2.0,2.0,4.0,4.0,4.0,4.0,4.0,1.0,1.0,1.0,2.0,1.0,2.0,2.0,2.0,2.0,2.0,2.0,5.0,4.0,1.0,3.0,4.0,5.0,5,"1,3,4"
178,1.0,3.0,4.0,5.0,4.0,2.0,3.0,5.0,4.0,4.0,5.0,5.0,5.0,5.0,5.0,5.0,5.0,5.0,4.0,4.0,4.0,4.0,4.0,4.0,5.0,5.0,5.0,5.0,5.0,4.0,4.0,1.0,4.0,4.0,1.0,5.0,5.0,4.0,4.0,4.0,4.0,4.0,4.0,4.0,4.0,2.0,3.0,4.0,4.0,4.0,4.0,1.0,4.0,2.0,4.0,4.0,1.0,2,3
179,1.0,3.0,4.0,4.0,2.0,1.0,2.0,4.0,2.0,4.0,4.0,5.0,2.0,4.0,3.0,4.0,3.0,4.0,3.0,4.0,4.0,4.0,4.0,3.0,3.0,3.0,2.0,4.0,3.0,3.0,3.0,5.0,1.0,3.0,1.0,5.0,5.0,5.0,4.0,4.0,4.0,4.0,4.0,3.0,4.0,2.0,3.0,3.0,3.0,3.0,4.0,5.0,4.0,2.0,2.0,4.0,5.0,6,1
180,1.0,4.0,3.0,3.0,2.0,2.0,2.0,2.0,2.0,2.0,4.0,4.0,3.0,4.0,5.0,5.0,5.0,5.0,5.0,5.0,4.0,5.0,5.0,5.0,5.0,5.0,5.0,5.0,4.0,5.0,4.0,4.0,2.0,2.0,2.0,4.0,4.0,4.0,4.0,4.0,2.0,2.0,2.0,2.0,3.0,2.0,2.0,3.0,4.0,3.0,3.0,5.0,4.0,2.0,2.0,4.0,5.0,6,"1,3,8"
181,1.0,4.0,4.0,4.0,1.0,2.0,1.0,5.0,4.0,4.0,5.0,5.0,2.0,5.0,5.0,5.0,5.0,5.0,4.0,4.0,3.0,4.0,4.0,4.0,4.0,4.0,4.0,4.0,4.0,4.0,5.0,3.0,3.0,4.0,1.0,4.0,4.0,4.0,3.0,4.0,3.0,3.0,4.0,2.0,4.0,3.0,4.0,4.0,4.0,4.0,4.0,1.0,4.0,1.0,2.0,4.0,1.0,6,"1,3,7"
182,1.0,4.0,4.0,5.0,3.0,4.0,2.0,5.0,4.0,4.0,5.0,5.0,3.0,5.0,4.0,5.0,3.0,5.0,2.0,5.0,4.0,4.0,3.0,4.0,5.0,5.0,4.0,5.0,5.0,5.0,4.0,2.0,4.0,4.0,1.0,5.0,3.0,4.0,3.0,5.0,4.0,5.0,3.0,3.0,3.0,4.0,4.0,5.0,5.0,4.0,5.0,1.0,4.0,1.0,2.0,4.0,1.0,6,"2,3,4,7"
183,1.0,3.0,4.0,5.0,1.0,4.0,3.0,5.0,5.0,5.0,4.0,1.0,3.0,5.0,1.0,4.0,4.0,4.0,2.0,5.0,4.0,3.0,5.0,4.0,4.0,4.0,3.0,5.0,5.0,5.0,5.0,2.0,3.0,4.0,2.0,4.0,5.0,5.0,4.0,5.0,4.0,4.0,4.0,4.0,4.0,5.0,5.0,5.0,5.0,4.0,5.0,1.0,4.0,4.0,1.0,4.0,1.0,6,"1,2,3,4"
184,1.0,2.0,4.0,5.0,1.0,3.0,2.0,4.0,4.0,4.0,5.0,5.0,3.0,4.0,3.0,4.0,4.0,5.0,2.0,4.0,4.0,4.0,4.0,4.0,4.0,4.0,5.0,4.0,4.0,4.0,4.0,2.0,2.0,4.0,5.0,4.0,4.0,4.0,4.0,5.0,3.0,3.0,3.0,3.0,4.0,3.0,5.0,4.0,4.0,4.0,5.0,1.0,4.0,1.0,2.0,4.0,1.0,6,"2,3,7,10"
185,1.0,4.0,4.0,5.0,1.0,3.0,1.0,5.0,2.0,4.0,3.0,5.0,3.0,5.0,5.0,5.0,5.0,5.0,5.0,4.0,3.0,5.0,4.0,3.0,3.0,3.0,4.0,4.0,4.0,3.0,4.0,2.0,3.0,5.0,1.0,5.0,4.0,5.0,5.0,4.0,5.0,3.0,4.0,3.0,4.0,3.0,5.0,4.0,5.0,5.0,4.0,1.0,4.0,1.0,2.0,4.0,1.0,6,7
186,1.0,4.0,4.0,4.0,3.0,4.0,2.0,4.0,2.0,3.0,5.0,5.0,3.0,5.0,5.0,5.0,5.0,5.0,5.0,3.0,4.0,5.0,4.0,4.0,3.0,3.0,4.0,4.0,4.0,4.0,4.0,3.0,3.0,4.0,4.0,4.0,4.0,4.0,4.0,4.0,5.0,3.0,3.0,3.0,4.0,3.0,3.0,3.0,3.0,4.0,3.0,3.0,6.0,2.0,5.0,2.0,3.0,9,3
187,1.0,4.0,4.0,5.0,2.0,2.0,2.0,5.0,4.0,5.0,4.0,5.0,5.0,5.0,4.0,4.0,4.0,4.0,4.0,4.0,4.0,4.0,4.0,4.0,4.0,4.0,4.0,4.0,3.0,4.0,4.0,3.0,3.0,4.0,3.0,5.0,5.0,4.0,4.0,4.0,4.0,4.0,4.0,4.0,4.0,4.0,4.0,5.0,4.0,4.0,4.0,5.0,4.0,2.0,2.0,4.0,5.0,6,"3,7,8"
188,1.0,3.0,4.0,5.0,3.0,3.0,1.0,3.0,1.0,4.0,5.0,5.0,3.0,3.0,5.0,5.0,5.0,5.0,5.0,3.0,3.0,5.0,4.0,1.0,3.0,3.0,4.0,3.0,1.0,3.0,3.0,5.0,4.0,3.0,1.0,5.0,5.0,1.0,1.0,5.0,5.0,5.0,4.0,3.0,3.0,4.0,4.0,2.0,3.0,3.0,5.0,4.0,7.0,1.0,5.0,2.0,4.0,6,"1,2,3,7,8,10"
189,1.0,2.0,1.0,4.0,1.0,1.0,2.0,4.0,2.0,2.0,5.0,5.0,3.0,5.0,5.0,5.0,5.0,5.0,5.0,4.0,4.0,5.0,4.0,4.0,5.0,5.0,5.0,5.0,4.0,4.0,4.0,3.0,3.0,3.0,3.0,4.0,4.0,4.0,4.0,4.0,2.0,3.0,4.0,1.0,1.0,1.0,1.0,5.0,2.0,2.0,2.0,5.0,8.0,2.0,6.0,6.0,5.0,6,3
190,1.0,4.0,5.0,4.0,4.0,1.0,2.0,5.0,4.0,5.0,4.0,4.0,3.0,5.0,4.0,5.0,4.0,5.0,4.0,4.0,4.0,4.0,3.0,4.0,4.0,5.0,5.0,4.0,2.0,4.0,4.0,5.0,1.0,2.0,1.0,5.0,5.0,4.0,5.0,4.0,4.0,4.0,4.0,2.0,5.0,4.0,5.0,4.0,5.0,4.0,4.0,1.0,4.0,2.0,2.0,4.0,1.0,6,7
191,1.0,2.0,3.0,4.0,3.0,5.0,4.0,3.0,4.0,4.0,3.0,4.0,4.0,4.0,4.0,5.0,4.0,5.0,3.0,4.0,5.0,4.0,3.0,3.0,3.0,3.0,3.0,3.0,3.0,3.0,3.0,3.0,3.0,3.0,1.0,4.0,5.0,3.0,4.0,3.0,3.0,3.0,4.0,3.0,4.0,4.0,4.0,4.0,2.0,2.0,2.0,3.0,4.0,2.0,2.0,2.0,3.0,6,3
192,1.0,4.0,4.0,5.0,3.0,4.0,2.0,4.0,4.0,4.0,4.0,4.0,5.0,4.0,4.0,4.0,4.0,4.0,4.0,4.0,4.0,4.0,3.0,4.0,3.0,3.0,3.0,3.0,3.0,4.0,4.0,4.0,4.0,3.0,3.0,4.0,4.0,4.0,4.0,4.0,3.0,4.0,4.0,4.0,4.0,4.0,3.0,4.0,4.0,3.0,4.0,1.0,4.0,2.0,3.0,4.0,1.0,6,"1,3,7"
193,1.0,4.0,4.0,5.0,2.0,4.0,1.0,5.0,4.0,4.0,5.0,5.0,5.0,5.0,5.0,5.0,5.0,5.0,5.0,4.0,4.0,5.0,5.0,4.0,4.0,5.0,5.0,5.0,4.0,4.0,4.0,5.0,2.0,3.0,2.0,4.0,4.0,5.0,5.0,4.0,4.0,3.0,3.0,2.0,4.0,5.0,4.0,1.0,4.0,4.0,5.0,1.0,4.0,1.0,3.0,4.0,1.0,6,"1,2,3,8"
194,1.0,3.0,4.0,5.0,3.0,3.0,2.0,5.0,4.0,2.0,5.0,5.0,2.0,5.0,3.0,5.0,5.0,5.0,5.0,4.0,4.0,5.0,5.0,5.0,3.0,3.0,4.0,4.0,4.0,3.0,4.0,5.0,1.0,3.0,3.0,3.0,4.0,4.0,4.0,5.0,2.0,2.0,2.0,1.0,2.0,2.0,2.0,4.0,3.0,3.0,3.0,1.0,4.0,1.0,3.0,4.0,1.0,6,"2,3,4"
195,0.0,3.0,4.0,4.0,1.0,1.0,3.0,4.0,2.0,4.0,5.0,5.0,5.0,5.0,5.0,5.0,2.0,4.0,2.0,4.0,4.0,3.0,4.0,4.0,4.0,5.0,5.0,5.0,5.0,4.0,4.0,3.0,3.0,4.0,4.0,5.0,5.0,4.0,4.0,5.0,5.0,5.0,5.0,4.0,5.0,5.0,5.0,4.0,5.0,5.0,4.0,1.0,4.0,2.0,2.0,4.0,1.0,6,1
196,1.0,3.0,4.0,4.0,1.0,4.0,2.0,4.0,1.0,1.0,5.0,5.0,1.0,2.0,5.0,5.0,5.0,5.0,5.0,4.0,2.0,5.0,4.0,4.0,4.0,4.0,4.0,4.0,4.0,3.0,4.0,5.0,1.0,5.0,1.0,4.0,4.0,4.0,4.0,4.0,4.0,4.0,4.0,2.0,2.0,5.0,5.0,4.0,4.0,4.0,4.0,4.0,5.0,2.0,4.0,2.0,4.0,6,7
